[[1;34mINFO[m] Scanning for projects...
[[1;34mINFO[m] 
[[1;34mINFO[m] [1m----------------------< [0;36mcom.academic.erp:backend[0;1m >----------------------[m
[[1;34mINFO[m] [1mBuilding academic.erp 0.0.1-SNAPSHOT[m
[[1;34mINFO[m]   from pom.xml
[[1;34mINFO[m] [1m--------------------------------[ jar ]---------------------------------[m
[[1;34mINFO[m] 
[[1;34mINFO[m] [1m>>> [0;32mspring-boot:3.2.5:run[m [1m(default-cli)[0;1m > [0;1mtest-compile[m @ [36mbackend[0;1m >>>[m
[[1;34mINFO[m] 
[[1;34mINFO[m] [1m--- [0;32mresources:3.3.1:resources[m [1m(default-resources)[m @ [36mbackend[0;1m ---[m
[[1;34mINFO[m] Copying 1 resource from src/main/resources to target/classes
[[1;34mINFO[m] Copying 1 resource from src/main/resources to target/classes
[[1;34mINFO[m] 
[[1;34mINFO[m] [1m--- [0;32mcompiler:3.11.0:compile[m [1m(default-compile)[m @ [36mbackend[0;1m ---[m
[[1;34mINFO[m] Nothing to compile - all classes are up to date
[[1;34mINFO[m] 
[[1;34mINFO[m] [1m--- [0;32mresources:3.3.1:testResources[m [1m(default-testResources)[m @ [36mbackend[0;1m ---[m
[[1;34mINFO[m] skip non existing resourceDirectory /home/shikhar/Sem 2/Academic-ERP-SDMA-Student-Domain-Management-Admissions-/backend/src/test/resources
[[1;34mINFO[m] 
[[1;34mINFO[m] [1m--- [0;32mcompiler:3.11.0:testCompile[m [1m(default-testCompile)[m @ [36mbackend[0;1m ---[m
[[1;34mINFO[m] Nothing to compile - all classes are up to date
[[1;34mINFO[m] 
[[1;34mINFO[m] [1m<<< [0;32mspring-boot:3.2.5:run[m [1m(default-cli)[0;1m < [0;1mtest-compile[m @ [36mbackend[0;1m <<<[m
[[1;34mINFO[m] 
[[1;34mINFO[m] 
[[1;34mINFO[m] [1m--- [0;32mspring-boot:3.2.5:run[m [1m(default-cli)[m @ [36mbackend[0;1m ---[m
[[1;34mINFO[m] Attaching agents: []

  .   ____          _            __ _ _
 /\\ / ___'_ __ _ _(_)_ __  __ _ \ \ \ \
( ( )\___ | '_ | '_| | '_ \/ _` | \ \ \ \
 \\/  ___)| |_)| | | | | || (_| |  ) ) ) )
  '  |____| .__|_| |_|_| |_\__, | / / / /
 =========|_|==============|___/=/_/_/_/
 :: Spring Boot ::                (v3.2.5)

2026-08-16T21:12:14.382+05:30  INFO 519088 --- [academic.erp] [  restartedMain] com.academic.erp.backend.Application     : Starting Application using Java 17.0.19 with PID 519088 (/home/shikhar/Sem 2/Academic-ERP-SDMA-Student-Domain-Management-Admissions-/backend/target/classes started by shikhar in /home/shikhar/Sem 2/Academic-ERP-SDMA-Student-Domain-Management-Admissions-/backend)
2026-08-16T21:12:14.387+05:30  INFO 519088 --- [academic.erp] [  restartedMain] com.academic.erp.backend.Application     : No active profile set, falling back to 1 default profile: "default"
2026-08-16T21:12:14.519+05:30  INFO 519088 --- [academic.erp] [  restartedMain] .e.DevToolsPropertyDefaultsPostProcessor : Devtools property defaults active! Set 'spring.devtools.add-properties' to 'false' to disable
2026-08-16T21:12:14.519+05:30  INFO 519088 --- [academic.erp] [  restartedMain] .e.DevToolsPropertyDefaultsPostProcessor : For additional web related logging consider setting the 'logging.level.web' property to 'DEBUG'
2026-08-16T21:12:16.309+05:30  INFO 519088 --- [academic.erp] [  restartedMain] .s.d.r.c.RepositoryConfigurationDelegate : Bootstrapping Spring Data JPA repositories in DEFAULT mode.
2026-08-16T21:12:16.448+05:30  INFO 519088 --- [academic.erp] [  restartedMain] .s.d.r.c.RepositoryConfigurationDelegate : Finished Spring Data repository scanning in 118 ms. Found 2 JPA repository interfaces.
2026-08-16T21:12:17.979+05:30  INFO 519088 --- [academic.erp] [  restartedMain] o.s.b.w.embedded.tomcat.TomcatWebServer  : Tomcat initialized with port 8080 (http)
2026-08-16T21:12:18.018+05:30  INFO 519088 --- [academic.erp] [  restartedMain] o.apache.catalina.core.StandardService   : Starting service [Tomcat]
2026-08-16T21:12:18.019+05:30  INFO 519088 --- [academic.erp] [  restartedMain] o.apache.catalina.core.StandardEngine    : Starting Servlet engine: [Apache Tomcat/10.1.20]
2026-08-16T21:12:18.179+05:30  INFO 519088 --- [academic.erp] [  restartedMain] o.a.c.c.C.[Tomcat].[localhost].[/]       : Initializing Spring embedded WebApplicationContext
2026-08-16T21:12:18.184+05:30  INFO 519088 --- [academic.erp] [  restartedMain] w.s.c.ServletWebServerApplicationContext : Root WebApplicationContext: initialization completed in 3660 ms
2026-08-16T21:12:18.873+05:30  INFO 519088 --- [academic.erp] [  restartedMain] o.hibernate.jpa.internal.util.LogHelper  : HHH000204: Processing PersistenceUnitInfo [name: default]
2026-08-16T21:12:19.034+05:30  INFO 519088 --- [academic.erp] [  restartedMain] org.hibernate.Version                    : HHH000412: Hibernate ORM core version 6.4.4.Final
2026-08-16T21:12:19.124+05:30  INFO 519088 --- [academic.erp] [  restartedMain] o.h.c.internal.RegionFactoryInitiator    : HHH000026: Second-level cache disabled
2026-08-16T21:12:19.817+05:30  INFO 519088 --- [academic.erp] [  restartedMain] o.s.o.j.p.SpringPersistenceUnitInfo      : No LoadTimeWeaver setup: ignoring JPA class transformer
2026-08-16T21:12:19.897+05:30  INFO 519088 --- [academic.erp] [  restartedMain] com.zaxxer.hikari.HikariDataSource       : HikariPool-1 - Starting...
2026-08-16T21:12:20.714+05:30  INFO 519088 --- [academic.erp] [  restartedMain] com.zaxxer.hikari.pool.HikariPool        : HikariPool-1 - Added connection com.mysql.cj.jdbc.ConnectionImpl@6b1db786
2026-08-16T21:12:20.721+05:30  INFO 519088 --- [academic.erp] [  restartedMain] com.zaxxer.hikari.HikariDataSource       : HikariPool-1 - Start completed.
2026-08-16T21:12:20.907+05:30  WARN 519088 --- [academic.erp] [  restartedMain] org.hibernate.orm.deprecation            : HHH90000025: MySQLDialect does not need to be specified explicitly using 'hibernate.dialect' (remove the property setting and it will be selected by default)
2026-08-16T21:12:23.051+05:30  INFO 519088 --- [academic.erp] [  restartedMain] o.h.e.t.j.p.i.JtaPlatformInitiator       : HHH000489: No JTA platform available (set 'hibernate.transaction.jta.platform' to enable JTA platform integration)
Hibernate: 
    alter table domains 
       modify column cutoff_marks DECIMAL(5,2)
Hibernate: 
    alter table students 
       modify column exam_marks DECIMAL(5,2) not null
2026-08-16T21:12:23.242+05:30  INFO 519088 --- [academic.erp] [  restartedMain] j.LocalContainerEntityManagerFactoryBean : Initialized JPA EntityManagerFactory for persistence unit 'default'
2026-08-16T21:12:24.224+05:30  WARN 519088 --- [academic.erp] [  restartedMain] JpaBaseConfiguration$JpaWebConfiguration : spring.jpa.open-in-view is enabled by default. Therefore, database queries may be performed during view rendering. Explicitly configure spring.jpa.open-in-view to disable this warning
2026-08-16T21:12:25.161+05:30  INFO 519088 --- [academic.erp] [  restartedMain] o.s.s.web.DefaultSecurityFilterChain     : Will secure any request with [org.springframework.security.web.session.DisableEncodeUrlFilter@64f70604, org.springframework.security.web.context.request.async.WebAsyncManagerIntegrationFilter@1870d2bb, org.springframework.security.web.context.SecurityContextHolderFilter@3958c8d4, org.springframework.security.web.header.HeaderWriterFilter@5f5a23fb, org.springframework.web.filter.CorsFilter@504ca2a0, org.springframework.security.web.authentication.logout.LogoutFilter@52c48955, com.academic.erp.backend.filter.JwtAuthenticationFilter@67317022, org.springframework.security.web.savedrequest.RequestCacheAwareFilter@58723c55, org.springframework.security.web.servletapi.SecurityContextHolderAwareRequestFilter@65f3e02b, org.springframework.security.web.authentication.AnonymousAuthenticationFilter@2f3fb1b1, org.springframework.security.web.session.SessionManagementFilter@3b169903, org.springframework.security.web.access.ExceptionTranslationFilter@4d1a380, org.springframework.security.web.access.intercept.AuthorizationFilter@61e3a312]
2026-08-16T21:12:25.947+05:30  INFO 519088 --- [academic.erp] [  restartedMain] o.s.b.w.embedded.tomcat.TomcatWebServer  : Tomcat started on port 8080 (http) with context path ''
2026-08-16T21:12:25.969+05:30  INFO 519088 --- [academic.erp] [  restartedMain] com.academic.erp.backend.Application     : Started Application in 12.226 seconds (process running for 13.13)
2026-08-16T21:12:25.988+05:30  INFO 519088 --- [academic.erp] [  restartedMain] c.a.e.b.c.DatabaseInitializationService  : Checking database tables...
2026-08-16T21:12:25.993+05:30  INFO 519088 --- [academic.erp] [  restartedMain] c.a.e.b.c.DatabaseInitializationService  : All required database tables exist: [domains, students]
2026-08-16T21:12:32.154+05:30  INFO 519088 --- [academic.erp] [nio-8080-exec-1] o.a.c.c.C.[Tomcat].[localhost].[/]       : Initializing Spring DispatcherServlet 'dispatcherServlet'
2026-08-16T21:12:32.154+05:30  INFO 519088 --- [academic.erp] [nio-8080-exec-1] o.s.web.servlet.DispatcherServlet        : Initializing Servlet 'dispatcherServlet'
2026-08-16T21:12:32.156+05:30  INFO 519088 --- [academic.erp] [nio-8080-exec-1] o.s.web.servlet.DispatcherServlet        : Completed initialization in 2 ms
2026-08-16T21:13:38.630+05:30  INFO 519088 --- [academic.erp] [nio-8080-exec-6] c.a.e.b.controller.OAuthController       : User authenticated: employee6868@gmail.com
Hibernate: 
    select
        d1_0.domain_id,
        d1_0.batch,
        d1_0.capacity,
        d1_0.created_at,
        d1_0.cutoff_marks,
        d1_0.exam_name,
        d1_0.program 
    from
        domains d1_0
Hibernate: 
    select
        s1_0.student_id,
        s1_0.created_at,
        s1_0.domain_id,
        s1_0.email,
        s1_0.exam_marks,
        s1_0.first_name,
        s1_0.is_active,
        s1_0.join_year,
        s1_0.last_name,
        s1_0.roll_number 
    from
        students s1_0 
    left join
        domains d1_0 
            on d1_0.domain_id=s1_0.domain_id 
    where
        d1_0.domain_id=? 
        and s1_0.is_active
Hibernate: 
    select
        s1_0.student_id,
        s1_0.created_at,
        s1_0.domain_id,
        s1_0.email,
        s1_0.exam_marks,
        s1_0.first_name,
        s1_0.is_active,
        s1_0.join_year,
        s1_0.last_name,
        s1_0.roll_number 
    from
        students s1_0 
    left join
        domains d1_0 
            on d1_0.domain_id=s1_0.domain_id 
    where
        d1_0.domain_id=? 
        and s1_0.is_active
Hibernate: 
    select
        s1_0.student_id,
        s1_0.created_at,
        s1_0.domain_id,
        s1_0.email,
        s1_0.exam_marks,
        s1_0.first_name,
        s1_0.is_active,
        s1_0.join_year,
        s1_0.last_name,
        s1_0.roll_number 
    from
        students s1_0 
    left join
        domains d1_0 
            on d1_0.domain_id=s1_0.domain_id 
    where
        d1_0.domain_id=? 
        and s1_0.is_active
Hibernate: 
    select
        s1_0.student_id,
        s1_0.created_at,
        s1_0.domain_id,
        s1_0.email,
        s1_0.exam_marks,
        s1_0.first_name,
        s1_0.is_active,
        s1_0.join_year,
        s1_0.last_name,
        s1_0.roll_number 
    from
        students s1_0 
    left join
        domains d1_0 
            on d1_0.domain_id=s1_0.domain_id 
    where
        d1_0.domain_id=? 
        and s1_0.is_active
Hibernate: 
    select
        s1_0.student_id,
        s1_0.created_at,
        s1_0.domain_id,
        s1_0.email,
        s1_0.exam_marks,
        s1_0.first_name,
        s1_0.is_active,
        s1_0.join_year,
        s1_0.last_name,
        s1_0.roll_number 
    from
        students s1_0 
    left join
        domains d1_0 
            on d1_0.domain_id=s1_0.domain_id 
    where
        d1_0.domain_id=? 
        and s1_0.is_active
Hibernate: 
    select
        s1_0.student_id,
        s1_0.created_at,
        s1_0.domain_id,
        s1_0.email,
        s1_0.exam_marks,
        s1_0.first_name,
        s1_0.is_active,
        s1_0.join_year,
        s1_0.last_name,
        s1_0.roll_number 
    from
        students s1_0 
    left join
        domains d1_0 
            on d1_0.domain_id=s1_0.domain_id 
    where
        d1_0.domain_id=? 
        and s1_0.is_active
Hibernate: 
    select
        s1_0.student_id,
        s1_0.created_at,
        s1_0.domain_id,
        s1_0.email,
        s1_0.exam_marks,
        s1_0.first_name,
        s1_0.is_active,
        s1_0.join_year,
        s1_0.last_name,
        s1_0.roll_number 
    from
        students s1_0 
    left join
        domains d1_0 
            on d1_0.domain_id=s1_0.domain_id 
    where
        d1_0.domain_id=? 
        and s1_0.is_active
Hibernate: 
    select
        s1_0.student_id,
        s1_0.created_at,
        s1_0.domain_id,
        s1_0.email,
        s1_0.exam_marks,
        s1_0.first_name,
        s1_0.is_active,
        s1_0.join_year,
        s1_0.last_name,
        s1_0.roll_number 
    from
        students s1_0 
    left join
        domains d1_0 
            on d1_0.domain_id=s1_0.domain_id 
    where
        d1_0.domain_id=? 
        and s1_0.is_active
Hibernate: 
    select
        d1_0.domain_id,
        d1_0.batch,
        d1_0.capacity,
        d1_0.created_at,
        d1_0.cutoff_marks,
        d1_0.exam_name,
        d1_0.program 
    from
        domains d1_0
Hibernate: 
    select
        s1_0.student_id,
        s1_0.created_at,
        s1_0.domain_id,
        s1_0.email,
        s1_0.exam_marks,
        s1_0.first_name,
        s1_0.is_active,
        s1_0.join_year,
        s1_0.last_name,
        s1_0.roll_number 
    from
        students s1_0 
    left join
        domains d1_0 
            on d1_0.domain_id=s1_0.domain_id 
    where
        d1_0.domain_id=? 
        and s1_0.is_active
Hibernate: 
    select
        s1_0.student_id,
        s1_0.created_at,
        s1_0.domain_id,
        s1_0.email,
        s1_0.exam_marks,
        s1_0.first_name,
        s1_0.is_active,
        s1_0.join_year,
        s1_0.last_name,
        s1_0.roll_number 
    from
        students s1_0 
    left join
        domains d1_0 
            on d1_0.domain_id=s1_0.domain_id 
    where
        d1_0.domain_id=? 
        and s1_0.is_active
Hibernate: 
    select
        s1_0.student_id,
        s1_0.created_at,
        s1_0.domain_id,
        s1_0.email,
        s1_0.exam_marks,
        s1_0.first_name,
        s1_0.is_active,
        s1_0.join_year,
        s1_0.last_name,
        s1_0.roll_number 
    from
        students s1_0 
    left join
        domains d1_0 
            on d1_0.domain_id=s1_0.domain_id 
    where
        d1_0.domain_id=? 
        and s1_0.is_active
Hibernate: 
    select
        s1_0.student_id,
        s1_0.created_at,
        s1_0.domain_id,
        s1_0.email,
        s1_0.exam_marks,
        s1_0.first_name,
        s1_0.is_active,
        s1_0.join_year,
        s1_0.last_name,
        s1_0.roll_number 
    from
        students s1_0 
    left join
        domains d1_0 
            on d1_0.domain_id=s1_0.domain_id 
    where
        d1_0.domain_id=? 
        and s1_0.is_active
Hibernate: 
    select
        s1_0.student_id,
        s1_0.created_at,
        s1_0.domain_id,
        s1_0.email,
        s1_0.exam_marks,
        s1_0.first_name,
        s1_0.is_active,
        s1_0.join_year,
        s1_0.last_name,
        s1_0.roll_number 
    from
        students s1_0 
    left join
        domains d1_0 
            on d1_0.domain_id=s1_0.domain_id 
    where
        d1_0.domain_id=? 
        and s1_0.is_active
Hibernate: 
    select
        s1_0.student_id,
        s1_0.created_at,
        s1_0.domain_id,
        s1_0.email,
        s1_0.exam_marks,
        s1_0.first_name,
        s1_0.is_active,
        s1_0.join_year,
        s1_0.last_name,
        s1_0.roll_number 
    from
        students s1_0 
    left join
        domains d1_0 
            on d1_0.domain_id=s1_0.domain_id 
    where
        d1_0.domain_id=? 
        and s1_0.is_active
Hibernate: 
    select
        s1_0.student_id,
        s1_0.created_at,
        s1_0.domain_id,
        s1_0.email,
        s1_0.exam_marks,
        s1_0.first_name,
        s1_0.is_active,
        s1_0.join_year,
        s1_0.last_name,
        s1_0.roll_number 
    from
        students s1_0 
    left join
        domains d1_0 
            on d1_0.domain_id=s1_0.domain_id 
    where
        d1_0.domain_id=? 
        and s1_0.is_active
Hibernate: 
    select
        s1_0.student_id,
        s1_0.created_at,
        s1_0.domain_id,
        s1_0.email,
        s1_0.exam_marks,
        s1_0.first_name,
        s1_0.is_active,
        s1_0.join_year,
        s1_0.last_name,
        s1_0.roll_number 
    from
        students s1_0 
    left join
        domains d1_0 
            on d1_0.domain_id=s1_0.domain_id 
    where
        d1_0.domain_id=? 
        and s1_0.is_active
2026-08-16T21:14:01.530+05:30  INFO 519088 --- [academic.erp] [nio-8080-exec-5] c.a.e.b.controller.OAuthController       : User authenticated: employee6868@gmail.com
Hibernate: 
    select
        d1_0.domain_id,
        d1_0.batch,
        d1_0.capacity,
        d1_0.created_at,
        d1_0.cutoff_marks,
        d1_0.exam_name,
        d1_0.program 
    from
        domains d1_0
Hibernate: 
    select
        s1_0.student_id,
        s1_0.created_at,
        s1_0.domain_id,
        s1_0.email,
        s1_0.exam_marks,
        s1_0.first_name,
        s1_0.is_active,
        s1_0.join_year,
        s1_0.last_name,
        s1_0.roll_number 
    from
        students s1_0 
    left join
        domains d1_0 
            on d1_0.domain_id=s1_0.domain_id 
    where
        d1_0.domain_id=? 
        and s1_0.is_active
Hibernate: 
    select
        s1_0.student_id,
        s1_0.created_at,
        s1_0.domain_id,
        s1_0.email,
        s1_0.exam_marks,
        s1_0.first_name,
        s1_0.is_active,
        s1_0.join_year,
        s1_0.last_name,
        s1_0.roll_number 
    from
        students s1_0 
    left join
        domains d1_0 
            on d1_0.domain_id=s1_0.domain_id 
    where
        d1_0.domain_id=? 
        and s1_0.is_active
Hibernate: 
    select
        s1_0.student_id,
        s1_0.created_at,
        s1_0.domain_id,
        s1_0.email,
        s1_0.exam_marks,
        s1_0.first_name,
        s1_0.is_active,
        s1_0.join_year,
        s1_0.last_name,
        s1_0.roll_number 
    from
        students s1_0 
    left join
        domains d1_0 
            on d1_0.domain_id=s1_0.domain_id 
    where
        d1_0.domain_id=? 
        and s1_0.is_active
Hibernate: 
    select
        s1_0.student_id,
        s1_0.created_at,
        s1_0.domain_id,
        s1_0.email,
        s1_0.exam_marks,
        s1_0.first_name,
        s1_0.is_active,
        s1_0.join_year,
        s1_0.last_name,
        s1_0.roll_number 
    from
        students s1_0 
    left join
        domains d1_0 
            on d1_0.domain_id=s1_0.domain_id 
    where
        d1_0.domain_id=? 
        and s1_0.is_active
Hibernate: 
    select
        s1_0.student_id,
        s1_0.created_at,
        s1_0.domain_id,
        s1_0.email,
        s1_0.exam_marks,
        s1_0.first_name,
        s1_0.is_active,
        s1_0.join_year,
        s1_0.last_name,
        s1_0.roll_number 
    from
        students s1_0 
    left join
        domains d1_0 
            on d1_0.domain_id=s1_0.domain_id 
    where
        d1_0.domain_id=? 
        and s1_0.is_active
Hibernate: 
    select
        s1_0.student_id,
        s1_0.created_at,
        s1_0.domain_id,
        s1_0.email,
        s1_0.exam_marks,
        s1_0.first_name,
        s1_0.is_active,
        s1_0.join_year,
        s1_0.last_name,
        s1_0.roll_number 
    from
        students s1_0 
    left join
        domains d1_0 
            on d1_0.domain_id=s1_0.domain_id 
    where
        d1_0.domain_id=? 
        and s1_0.is_active
Hibernate: 
    select
        s1_0.student_id,
        s1_0.created_at,
        s1_0.domain_id,
        s1_0.email,
        s1_0.exam_marks,
        s1_0.first_name,
        s1_0.is_active,
        s1_0.join_year,
        s1_0.last_name,
        s1_0.roll_number 
    from
        students s1_0 
    left join
        domains d1_0 
            on d1_0.domain_id=s1_0.domain_id 
    where
        d1_0.domain_id=? 
        and s1_0.is_active
Hibernate: 
    select
        s1_0.student_id,
        s1_0.created_at,
        s1_0.domain_id,
        s1_0.email,
        s1_0.exam_marks,
        s1_0.first_name,
        s1_0.is_active,
        s1_0.join_year,
        s1_0.last_name,
        s1_0.roll_number 
    from
        students s1_0 
    left join
        domains d1_0 
            on d1_0.domain_id=s1_0.domain_id 
    where
        d1_0.domain_id=? 
        and s1_0.is_active
Hibernate: 
    select
        d1_0.domain_id,
        d1_0.batch,
        d1_0.capacity,
        d1_0.created_at,
        d1_0.cutoff_marks,
        d1_0.exam_name,
        d1_0.program 
    from
        domains d1_0
Hibernate: 
    select
        s1_0.student_id,
        s1_0.created_at,
        s1_0.domain_id,
        s1_0.email,
        s1_0.exam_marks,
        s1_0.first_name,
        s1_0.is_active,
        s1_0.join_year,
        s1_0.last_name,
        s1_0.roll_number 
    from
        students s1_0 
    left join
        domains d1_0 
            on d1_0.domain_id=s1_0.domain_id 
    where
        d1_0.domain_id=? 
        and s1_0.is_active
Hibernate: 
    select
        s1_0.student_id,
        s1_0.created_at,
        s1_0.domain_id,
        s1_0.email,
        s1_0.exam_marks,
        s1_0.first_name,
        s1_0.is_active,
        s1_0.join_year,
        s1_0.last_name,
        s1_0.roll_number 
    from
        students s1_0 
    left join
        domains d1_0 
            on d1_0.domain_id=s1_0.domain_id 
    where
        d1_0.domain_id=? 
        and s1_0.is_active
Hibernate: 
    select
        s1_0.student_id,
        s1_0.created_at,
        s1_0.domain_id,
        s1_0.email,
        s1_0.exam_marks,
        s1_0.first_name,
        s1_0.is_active,
        s1_0.join_year,
        s1_0.last_name,
        s1_0.roll_number 
    from
        students s1_0 
    left join
        domains d1_0 
            on d1_0.domain_id=s1_0.domain_id 
    where
        d1_0.domain_id=? 
        and s1_0.is_active
Hibernate: 
    select
        s1_0.student_id,
        s1_0.created_at,
        s1_0.domain_id,
        s1_0.email,
        s1_0.exam_marks,
        s1_0.first_name,
        s1_0.is_active,
        s1_0.join_year,
        s1_0.last_name,
        s1_0.roll_number 
    from
        students s1_0 
    left join
        domains d1_0 
            on d1_0.domain_id=s1_0.domain_id 
    where
        d1_0.domain_id=? 
        and s1_0.is_active
Hibernate: 
    select
        s1_0.student_id,
        s1_0.created_at,
        s1_0.domain_id,
        s1_0.email,
        s1_0.exam_marks,
        s1_0.first_name,
        s1_0.is_active,
        s1_0.join_year,
        s1_0.last_name,
        s1_0.roll_number 
    from
        students s1_0 
    left join
        domains d1_0 
            on d1_0.domain_id=s1_0.domain_id 
    where
        d1_0.domain_id=? 
        and s1_0.is_active
Hibernate: 
    select
        s1_0.student_id,
        s1_0.created_at,
        s1_0.domain_id,
        s1_0.email,
        s1_0.exam_marks,
        s1_0.first_name,
        s1_0.is_active,
        s1_0.join_year,
        s1_0.last_name,
        s1_0.roll_number 
    from
        students s1_0 
    left join
        domains d1_0 
            on d1_0.domain_id=s1_0.domain_id 
    where
        d1_0.domain_id=? 
        and s1_0.is_active
Hibernate: 
    select
        s1_0.student_id,
        s1_0.created_at,
        s1_0.domain_id,
        s1_0.email,
        s1_0.exam_marks,
        s1_0.first_name,
        s1_0.is_active,
        s1_0.join_year,
        s1_0.last_name,
        s1_0.roll_number 
    from
        students s1_0 
    left join
        domains d1_0 
            on d1_0.domain_id=s1_0.domain_id 
    where
        d1_0.domain_id=? 
        and s1_0.is_active
Hibernate: 
    select
        s1_0.student_id,
        s1_0.created_at,
        s1_0.domain_id,
        s1_0.email,
        s1_0.exam_marks,
        s1_0.first_name,
        s1_0.is_active,
        s1_0.join_year,
        s1_0.last_name,
        s1_0.roll_number 
    from
        students s1_0 
    left join
        domains d1_0 
            on d1_0.domain_id=s1_0.domain_id 
    where
        d1_0.domain_id=? 
        and s1_0.is_active
Hibernate: 
    select
        d1_0.domain_id,
        d1_0.batch,
        d1_0.capacity,
        d1_0.created_at,
        d1_0.cutoff_marks,
        d1_0.exam_name,
        d1_0.program 
    from
        domains d1_0
Hibernate: 
    select
        s1_0.student_id,
        s1_0.created_at,
        s1_0.domain_id,
        s1_0.email,
        s1_0.exam_marks,
        s1_0.first_name,
        s1_0.is_active,
        s1_0.join_year,
        s1_0.last_name,
        s1_0.roll_number 
    from
        students s1_0 
    left join
        domains d1_0 
            on d1_0.domain_id=s1_0.domain_id 
    where
        d1_0.domain_id=? 
        and s1_0.is_active
Hibernate: 
    select
        s1_0.student_id,
        s1_0.created_at,
        s1_0.domain_id,
        s1_0.email,
        s1_0.exam_marks,
        s1_0.first_name,
        s1_0.is_active,
        s1_0.join_year,
        s1_0.last_name,
        s1_0.roll_number 
    from
        students s1_0 
    left join
        domains d1_0 
            on d1_0.domain_id=s1_0.domain_id 
    where
        d1_0.domain_id=? 
        and s1_0.is_active
Hibernate: 
    select
        s1_0.student_id,
        s1_0.created_at,
        s1_0.domain_id,
        s1_0.email,
        s1_0.exam_marks,
        s1_0.first_name,
        s1_0.is_active,
        s1_0.join_year,
        s1_0.last_name,
        s1_0.roll_number 
    from
        students s1_0 
    left join
        domains d1_0 
            on d1_0.domain_id=s1_0.domain_id 
    where
        d1_0.domain_id=? 
        and s1_0.is_active
Hibernate: 
    select
        s1_0.student_id,
        s1_0.created_at,
        s1_0.domain_id,
        s1_0.email,
        s1_0.exam_marks,
        s1_0.first_name,
        s1_0.is_active,
        s1_0.join_year,
        s1_0.last_name,
        s1_0.roll_number 
    from
        students s1_0 
    left join
        domains d1_0 
            on d1_0.domain_id=s1_0.domain_id 
    where
        d1_0.domain_id=? 
        and s1_0.is_active
Hibernate: 
    select
        s1_0.student_id,
        s1_0.created_at,
        s1_0.domain_id,
        s1_0.email,
        s1_0.exam_marks,
        s1_0.first_name,
        s1_0.is_active,
        s1_0.join_year,
        s1_0.last_name,
        s1_0.roll_number 
    from
        students s1_0 
    left join
        domains d1_0 
            on d1_0.domain_id=s1_0.domain_id 
    where
        d1_0.domain_id=? 
        and s1_0.is_active
Hibernate: 
    select
        s1_0.student_id,
        s1_0.created_at,
        s1_0.domain_id,
        s1_0.email,
        s1_0.exam_marks,
        s1_0.first_name,
        s1_0.is_active,
        s1_0.join_year,
        s1_0.last_name,
        s1_0.roll_number 
    from
        students s1_0 
    left join
        domains d1_0 
            on d1_0.domain_id=s1_0.domain_id 
    where
        d1_0.domain_id=? 
        and s1_0.is_active
Hibernate: 
    select
        s1_0.student_id,
        s1_0.created_at,
        s1_0.domain_id,
        s1_0.email,
        s1_0.exam_marks,
        s1_0.first_name,
        s1_0.is_active,
        s1_0.join_year,
        s1_0.last_name,
        s1_0.roll_number 
    from
        students s1_0 
    left join
        domains d1_0 
            on d1_0.domain_id=s1_0.domain_id 
    where
        d1_0.domain_id=? 
        and s1_0.is_active
Hibernate: 
    select
        s1_0.student_id,
        s1_0.created_at,
        s1_0.domain_id,
        s1_0.email,
        s1_0.exam_marks,
        s1_0.first_name,
        s1_0.is_active,
        s1_0.join_year,
        s1_0.last_name,
        s1_0.roll_number 
    from
        students s1_0 
    left join
        domains d1_0 
            on d1_0.domain_id=s1_0.domain_id 
    where
        d1_0.domain_id=? 
        and s1_0.is_active
Hibernate: 
    select
        d1_0.domain_id,
        d1_0.batch,
        d1_0.capacity,
        d1_0.created_at,
        d1_0.cutoff_marks,
        d1_0.exam_name,
        d1_0.program 
    from
        domains d1_0
Hibernate: 
    select
        s1_0.student_id,
        s1_0.created_at,
        s1_0.domain_id,
        s1_0.email,
        s1_0.exam_marks,
        s1_0.first_name,
        s1_0.is_active,
        s1_0.join_year,
        s1_0.last_name,
        s1_0.roll_number 
    from
        students s1_0 
    left join
        domains d1_0 
            on d1_0.domain_id=s1_0.domain_id 
    where
        d1_0.domain_id=? 
        and s1_0.is_active
Hibernate: 
    select
        s1_0.student_id,
        s1_0.created_at,
        s1_0.domain_id,
        s1_0.email,
        s1_0.exam_marks,
        s1_0.first_name,
        s1_0.is_active,
        s1_0.join_year,
        s1_0.last_name,
        s1_0.roll_number 
    from
        students s1_0 
    left join
        domains d1_0 
            on d1_0.domain_id=s1_0.domain_id 
    where
        d1_0.domain_id=? 
        and s1_0.is_active
Hibernate: 
    select
        s1_0.student_id,
        s1_0.created_at,
        s1_0.domain_id,
        s1_0.email,
        s1_0.exam_marks,
        s1_0.first_name,
        s1_0.is_active,
        s1_0.join_year,
        s1_0.last_name,
        s1_0.roll_number 
    from
        students s1_0 
    left join
        domains d1_0 
            on d1_0.domain_id=s1_0.domain_id 
    where
        d1_0.domain_id=? 
        and s1_0.is_active
Hibernate: 
    select
        s1_0.student_id,
        s1_0.created_at,
        s1_0.domain_id,
        s1_0.email,
        s1_0.exam_marks,
        s1_0.first_name,
        s1_0.is_active,
        s1_0.join_year,
        s1_0.last_name,
        s1_0.roll_number 
    from
        students s1_0 
    left join
        domains d1_0 
            on d1_0.domain_id=s1_0.domain_id 
    where
        d1_0.domain_id=? 
        and s1_0.is_active
Hibernate: 
    select
        s1_0.student_id,
        s1_0.created_at,
        s1_0.domain_id,
        s1_0.email,
        s1_0.exam_marks,
        s1_0.first_name,
        s1_0.is_active,
        s1_0.join_year,
        s1_0.last_name,
        s1_0.roll_number 
    from
        students s1_0 
    left join
        domains d1_0 
            on d1_0.domain_id=s1_0.domain_id 
    where
        d1_0.domain_id=? 
        and s1_0.is_active
Hibernate: 
    select
        s1_0.student_id,
        s1_0.created_at,
        s1_0.domain_id,
        s1_0.email,
        s1_0.exam_marks,
        s1_0.first_name,
        s1_0.is_active,
        s1_0.join_year,
        s1_0.last_name,
        s1_0.roll_number 
    from
        students s1_0 
    left join
        domains d1_0 
            on d1_0.domain_id=s1_0.domain_id 
    where
        d1_0.domain_id=? 
        and s1_0.is_active
Hibernate: 
    select
        s1_0.student_id,
        s1_0.created_at,
        s1_0.domain_id,
        s1_0.email,
        s1_0.exam_marks,
        s1_0.first_name,
        s1_0.is_active,
        s1_0.join_year,
        s1_0.last_name,
        s1_0.roll_number 
    from
        students s1_0 
    left join
        domains d1_0 
            on d1_0.domain_id=s1_0.domain_id 
    where
        d1_0.domain_id=? 
        and s1_0.is_active
Hibernate: 
    select
        s1_0.student_id,
        s1_0.created_at,
        s1_0.domain_id,
        s1_0.email,
        s1_0.exam_marks,
        s1_0.first_name,
        s1_0.is_active,
        s1_0.join_year,
        s1_0.last_name,
        s1_0.roll_number 
    from
        students s1_0 
    left join
        domains d1_0 
            on d1_0.domain_id=s1_0.domain_id 
    where
        d1_0.domain_id=? 
        and s1_0.is_active
Hibernate: 
    select
        d1_0.domain_id,
        d1_0.batch,
        d1_0.capacity,
        d1_0.created_at,
        d1_0.cutoff_marks,
        d1_0.exam_name,
        d1_0.program 
    from
        domains d1_0
Hibernate: 
    select
        s1_0.student_id,
        s1_0.created_at,
        s1_0.domain_id,
        s1_0.email,
        s1_0.exam_marks,
        s1_0.first_name,
        s1_0.is_active,
        s1_0.join_year,
        s1_0.last_name,
        s1_0.roll_number 
    from
        students s1_0 
    left join
        domains d1_0 
            on d1_0.domain_id=s1_0.domain_id 
    where
        d1_0.domain_id=? 
        and s1_0.is_active
Hibernate: 
    select
        s1_0.student_id,
        s1_0.created_at,
        s1_0.domain_id,
        s1_0.email,
        s1_0.exam_marks,
        s1_0.first_name,
        s1_0.is_active,
        s1_0.join_year,
        s1_0.last_name,
        s1_0.roll_number 
    from
        students s1_0 
    left join
        domains d1_0 
            on d1_0.domain_id=s1_0.domain_id 
    where
        d1_0.domain_id=? 
        and s1_0.is_active
Hibernate: 
    select
        s1_0.student_id,
        s1_0.created_at,
        s1_0.domain_id,
        s1_0.email,
        s1_0.exam_marks,
        s1_0.first_name,
        s1_0.is_active,
        s1_0.join_year,
        s1_0.last_name,
        s1_0.roll_number 
    from
        students s1_0 
    left join
        domains d1_0 
            on d1_0.domain_id=s1_0.domain_id 
    where
        d1_0.domain_id=? 
        and s1_0.is_active
Hibernate: 
    select
        s1_0.student_id,
        s1_0.created_at,
        s1_0.domain_id,
        s1_0.email,
        s1_0.exam_marks,
        s1_0.first_name,
        s1_0.is_active,
        s1_0.join_year,
        s1_0.last_name,
        s1_0.roll_number 
    from
        students s1_0 
    left join
        domains d1_0 
            on d1_0.domain_id=s1_0.domain_id 
    where
        d1_0.domain_id=? 
        and s1_0.is_active
Hibernate: 
    select
        s1_0.student_id,
        s1_0.created_at,
        s1_0.domain_id,
        s1_0.email,
        s1_0.exam_marks,
        s1_0.first_name,
        s1_0.is_active,
        s1_0.join_year,
        s1_0.last_name,
        s1_0.roll_number 
    from
        students s1_0 
    left join
        domains d1_0 
            on d1_0.domain_id=s1_0.domain_id 
    where
        d1_0.domain_id=? 
        and s1_0.is_active
Hibernate: 
    select
        s1_0.student_id,
        s1_0.created_at,
        s1_0.domain_id,
        s1_0.email,
        s1_0.exam_marks,
        s1_0.first_name,
        s1_0.is_active,
        s1_0.join_year,
        s1_0.last_name,
        s1_0.roll_number 
    from
        students s1_0 
    left join
        domains d1_0 
            on d1_0.domain_id=s1_0.domain_id 
    where
        d1_0.domain_id=? 
        and s1_0.is_active
Hibernate: 
    select
        s1_0.student_id,
        s1_0.created_at,
        s1_0.domain_id,
        s1_0.email,
        s1_0.exam_marks,
        s1_0.first_name,
        s1_0.is_active,
        s1_0.join_year,
        s1_0.last_name,
        s1_0.roll_number 
    from
        students s1_0 
    left join
        domains d1_0 
            on d1_0.domain_id=s1_0.domain_id 
    where
        d1_0.domain_id=? 
        and s1_0.is_active
Hibernate: 
    select
        s1_0.student_id,
        s1_0.created_at,
        s1_0.domain_id,
        s1_0.email,
        s1_0.exam_marks,
        s1_0.first_name,
        s1_0.is_active,
        s1_0.join_year,
        s1_0.last_name,
        s1_0.roll_number 
    from
        students s1_0 
    left join
        domains d1_0 
            on d1_0.domain_id=s1_0.domain_id 
    where
        d1_0.domain_id=? 
        and s1_0.is_active
Hibernate: 
    select
        d1_0.domain_id,
        d1_0.batch,
        d1_0.capacity,
        d1_0.created_at,
        d1_0.cutoff_marks,
        d1_0.exam_name,
        d1_0.program 
    from
        domains d1_0
Hibernate: 
    select
        s1_0.student_id,
        s1_0.created_at,
        s1_0.domain_id,
        s1_0.email,
        s1_0.exam_marks,
        s1_0.first_name,
        s1_0.is_active,
        s1_0.join_year,
        s1_0.last_name,
        s1_0.roll_number 
    from
        students s1_0 
    left join
        domains d1_0 
            on d1_0.domain_id=s1_0.domain_id 
    where
        d1_0.domain_id=? 
        and s1_0.is_active
Hibernate: 
    select
        s1_0.student_id,
        s1_0.created_at,
        s1_0.domain_id,
        s1_0.email,
        s1_0.exam_marks,
        s1_0.first_name,
        s1_0.is_active,
        s1_0.join_year,
        s1_0.last_name,
        s1_0.roll_number 
    from
        students s1_0 
    left join
        domains d1_0 
            on d1_0.domain_id=s1_0.domain_id 
    where
        d1_0.domain_id=? 
        and s1_0.is_active
Hibernate: 
    select
        s1_0.student_id,
        s1_0.created_at,
        s1_0.domain_id,
        s1_0.email,
        s1_0.exam_marks,
        s1_0.first_name,
        s1_0.is_active,
        s1_0.join_year,
        s1_0.last_name,
        s1_0.roll_number 
    from
        students s1_0 
    left join
        domains d1_0 
            on d1_0.domain_id=s1_0.domain_id 
    where
        d1_0.domain_id=? 
        and s1_0.is_active
Hibernate: 
    select
        s1_0.student_id,
        s1_0.created_at,
        s1_0.domain_id,
        s1_0.email,
        s1_0.exam_marks,
        s1_0.first_name,
        s1_0.is_active,
        s1_0.join_year,
        s1_0.last_name,
        s1_0.roll_number 
    from
        students s1_0 
    left join
        domains d1_0 
            on d1_0.domain_id=s1_0.domain_id 
    where
        d1_0.domain_id=? 
        and s1_0.is_active
Hibernate: 
    select
        s1_0.student_id,
        s1_0.created_at,
        s1_0.domain_id,
        s1_0.email,
        s1_0.exam_marks,
        s1_0.first_name,
        s1_0.is_active,
        s1_0.join_year,
        s1_0.last_name,
        s1_0.roll_number 
    from
        students s1_0 
    left join
        domains d1_0 
            on d1_0.domain_id=s1_0.domain_id 
    where
        d1_0.domain_id=? 
        and s1_0.is_active
Hibernate: 
    select
        s1_0.student_id,
        s1_0.created_at,
        s1_0.domain_id,
        s1_0.email,
        s1_0.exam_marks,
        s1_0.first_name,
        s1_0.is_active,
        s1_0.join_year,
        s1_0.last_name,
        s1_0.roll_number 
    from
        students s1_0 
    left join
        domains d1_0 
            on d1_0.domain_id=s1_0.domain_id 
    where
        d1_0.domain_id=? 
        and s1_0.is_active
Hibernate: 
    select
        s1_0.student_id,
        s1_0.created_at,
        s1_0.domain_id,
        s1_0.email,
        s1_0.exam_marks,
        s1_0.first_name,
        s1_0.is_active,
        s1_0.join_year,
        s1_0.last_name,
        s1_0.roll_number 
    from
        students s1_0 
    left join
        domains d1_0 
            on d1_0.domain_id=s1_0.domain_id 
    where
        d1_0.domain_id=? 
        and s1_0.is_active
Hibernate: 
    select
        s1_0.student_id,
        s1_0.created_at,
        s1_0.domain_id,
        s1_0.email,
        s1_0.exam_marks,
        s1_0.first_name,
        s1_0.is_active,
        s1_0.join_year,
        s1_0.last_name,
        s1_0.roll_number 
    from
        students s1_0 
    left join
        domains d1_0 
            on d1_0.domain_id=s1_0.domain_id 
    where
        d1_0.domain_id=? 
        and s1_0.is_active
Hibernate: 
    select
        d1_0.domain_id,
        d1_0.batch,
        d1_0.capacity,
        d1_0.created_at,
        d1_0.cutoff_marks,
        d1_0.exam_name,
        d1_0.program 
    from
        domains d1_0
Hibernate: 
    select
        s1_0.student_id,
        s1_0.created_at,
        s1_0.domain_id,
        s1_0.email,
        s1_0.exam_marks,
        s1_0.first_name,
        s1_0.is_active,
        s1_0.join_year,
        s1_0.last_name,
        s1_0.roll_number 
    from
        students s1_0 
    left join
        domains d1_0 
            on d1_0.domain_id=s1_0.domain_id 
    where
        d1_0.domain_id=? 
        and s1_0.is_active
Hibernate: 
    select
        s1_0.student_id,
        s1_0.created_at,
        s1_0.domain_id,
        s1_0.email,
        s1_0.exam_marks,
        s1_0.first_name,
        s1_0.is_active,
        s1_0.join_year,
        s1_0.last_name,
        s1_0.roll_number 
    from
        students s1_0 
    left join
        domains d1_0 
            on d1_0.domain_id=s1_0.domain_id 
    where
        d1_0.domain_id=? 
        and s1_0.is_active
Hibernate: 
    select
        s1_0.student_id,
        s1_0.created_at,
        s1_0.domain_id,
        s1_0.email,
        s1_0.exam_marks,
        s1_0.first_name,
        s1_0.is_active,
        s1_0.join_year,
        s1_0.last_name,
        s1_0.roll_number 
    from
        students s1_0 
    left join
        domains d1_0 
            on d1_0.domain_id=s1_0.domain_id 
    where
        d1_0.domain_id=? 
        and s1_0.is_active
Hibernate: 
    select
        s1_0.student_id,
        s1_0.created_at,
        s1_0.domain_id,
        s1_0.email,
        s1_0.exam_marks,
        s1_0.first_name,
        s1_0.is_active,
        s1_0.join_year,
        s1_0.last_name,
        s1_0.roll_number 
    from
        students s1_0 
    left join
        domains d1_0 
            on d1_0.domain_id=s1_0.domain_id 
    where
        d1_0.domain_id=? 
        and s1_0.is_active
Hibernate: 
    select
        s1_0.student_id,
        s1_0.created_at,
        s1_0.domain_id,
        s1_0.email,
        s1_0.exam_marks,
        s1_0.first_name,
        s1_0.is_active,
        s1_0.join_year,
        s1_0.last_name,
        s1_0.roll_number 
    from
        students s1_0 
    left join
        domains d1_0 
            on d1_0.domain_id=s1_0.domain_id 
    where
        d1_0.domain_id=? 
        and s1_0.is_active
Hibernate: 
    select
        s1_0.student_id,
        s1_0.created_at,
        s1_0.domain_id,
        s1_0.email,
        s1_0.exam_marks,
        s1_0.first_name,
        s1_0.is_active,
        s1_0.join_year,
        s1_0.last_name,
        s1_0.roll_number 
    from
        students s1_0 
    left join
        domains d1_0 
            on d1_0.domain_id=s1_0.domain_id 
    where
        d1_0.domain_id=? 
        and s1_0.is_active
Hibernate: 
    select
        s1_0.student_id,
        s1_0.created_at,
        s1_0.domain_id,
        s1_0.email,
        s1_0.exam_marks,
        s1_0.first_name,
        s1_0.is_active,
        s1_0.join_year,
        s1_0.last_name,
        s1_0.roll_number 
    from
        students s1_0 
    left join
        domains d1_0 
            on d1_0.domain_id=s1_0.domain_id 
    where
        d1_0.domain_id=? 
        and s1_0.is_active
Hibernate: 
    select
        s1_0.student_id,
        s1_0.created_at,
        s1_0.domain_id,
        s1_0.email,
        s1_0.exam_marks,
        s1_0.first_name,
        s1_0.is_active,
        s1_0.join_year,
        s1_0.last_name,
        s1_0.roll_number 
    from
        students s1_0 
    left join
        domains d1_0 
            on d1_0.domain_id=s1_0.domain_id 
    where
        d1_0.domain_id=? 
        and s1_0.is_active
2026-08-16T21:16:19.777+05:30  INFO 519088 --- [academic.erp] [nio-8080-exec-6] c.a.e.b.controller.OAuthController       : User authenticated: employee6868@gmail.com
Hibernate: 
    select
        d1_0.domain_id,
        d1_0.batch,
        d1_0.capacity,
        d1_0.created_at,
        d1_0.cutoff_marks,
        d1_0.exam_name,
        d1_0.program 
    from
        domains d1_0
Hibernate: 
    select
        s1_0.student_id,
        s1_0.created_at,
        s1_0.domain_id,
        s1_0.email,
        s1_0.exam_marks,
        s1_0.first_name,
        s1_0.is_active,
        s1_0.join_year,
        s1_0.last_name,
        s1_0.roll_number 
    from
        students s1_0 
    left join
        domains d1_0 
            on d1_0.domain_id=s1_0.domain_id 
    where
        d1_0.domain_id=? 
        and s1_0.is_active
Hibernate: 
    select
        s1_0.student_id,
        s1_0.created_at,
        s1_0.domain_id,
        s1_0.email,
        s1_0.exam_marks,
        s1_0.first_name,
        s1_0.is_active,
        s1_0.join_year,
        s1_0.last_name,
        s1_0.roll_number 
    from
        students s1_0 
    left join
        domains d1_0 
            on d1_0.domain_id=s1_0.domain_id 
    where
        d1_0.domain_id=? 
        and s1_0.is_active
Hibernate: 
    select
        s1_0.student_id,
        s1_0.created_at,
        s1_0.domain_id,
        s1_0.email,
        s1_0.exam_marks,
        s1_0.first_name,
        s1_0.is_active,
        s1_0.join_year,
        s1_0.last_name,
        s1_0.roll_number 
    from
        students s1_0 
    left join
        domains d1_0 
            on d1_0.domain_id=s1_0.domain_id 
    where
        d1_0.domain_id=? 
        and s1_0.is_active
Hibernate: 
    select
        s1_0.student_id,
        s1_0.created_at,
        s1_0.domain_id,
        s1_0.email,
        s1_0.exam_marks,
        s1_0.first_name,
        s1_0.is_active,
        s1_0.join_year,
        s1_0.last_name,
        s1_0.roll_number 
    from
        students s1_0 
    left join
        domains d1_0 
            on d1_0.domain_id=s1_0.domain_id 
    where
        d1_0.domain_id=? 
        and s1_0.is_active
Hibernate: 
    select
        s1_0.student_id,
        s1_0.created_at,
        s1_0.domain_id,
        s1_0.email,
        s1_0.exam_marks,
        s1_0.first_name,
        s1_0.is_active,
        s1_0.join_year,
        s1_0.last_name,
        s1_0.roll_number 
    from
        students s1_0 
    left join
        domains d1_0 
            on d1_0.domain_id=s1_0.domain_id 
    where
        d1_0.domain_id=? 
        and s1_0.is_active
Hibernate: 
    select
        s1_0.student_id,
        s1_0.created_at,
        s1_0.domain_id,
        s1_0.email,
        s1_0.exam_marks,
        s1_0.first_name,
        s1_0.is_active,
        s1_0.join_year,
        s1_0.last_name,
        s1_0.roll_number 
    from
        students s1_0 
    left join
        domains d1_0 
            on d1_0.domain_id=s1_0.domain_id 
    where
        d1_0.domain_id=? 
        and s1_0.is_active
Hibernate: 
    select
        s1_0.student_id,
        s1_0.created_at,
        s1_0.domain_id,
        s1_0.email,
        s1_0.exam_marks,
        s1_0.first_name,
        s1_0.is_active,
        s1_0.join_year,
        s1_0.last_name,
        s1_0.roll_number 
    from
        students s1_0 
    left join
        domains d1_0 
            on d1_0.domain_id=s1_0.domain_id 
    where
        d1_0.domain_id=? 
        and s1_0.is_active
Hibernate: 
    select
        s1_0.student_id,
        s1_0.created_at,
        s1_0.domain_id,
        s1_0.email,
        s1_0.exam_marks,
        s1_0.first_name,
        s1_0.is_active,
        s1_0.join_year,
        s1_0.last_name,
        s1_0.roll_number 
    from
        students s1_0 
    left join
        domains d1_0 
            on d1_0.domain_id=s1_0.domain_id 
    where
        d1_0.domain_id=? 
        and s1_0.is_active
Hibernate: 
    select
        d1_0.domain_id,
        d1_0.batch,
        d1_0.capacity,
        d1_0.created_at,
        d1_0.cutoff_marks,
        d1_0.exam_name,
        d1_0.program 
    from
        domains d1_0
Hibernate: 
    select
        s1_0.student_id,
        s1_0.created_at,
        s1_0.domain_id,
        s1_0.email,
        s1_0.exam_marks,
        s1_0.first_name,
        s1_0.is_active,
        s1_0.join_year,
        s1_0.last_name,
        s1_0.roll_number 
    from
        students s1_0 
    left join
        domains d1_0 
            on d1_0.domain_id=s1_0.domain_id 
    where
        d1_0.domain_id=? 
        and s1_0.is_active
Hibernate: 
    select
        s1_0.student_id,
        s1_0.created_at,
        s1_0.domain_id,
        s1_0.email,
        s1_0.exam_marks,
        s1_0.first_name,
        s1_0.is_active,
        s1_0.join_year,
        s1_0.last_name,
        s1_0.roll_number 
    from
        students s1_0 
    left join
        domains d1_0 
            on d1_0.domain_id=s1_0.domain_id 
    where
        d1_0.domain_id=? 
        and s1_0.is_active
Hibernate: 
    select
        s1_0.student_id,
        s1_0.created_at,
        s1_0.domain_id,
        s1_0.email,
        s1_0.exam_marks,
        s1_0.first_name,
        s1_0.is_active,
        s1_0.join_year,
        s1_0.last_name,
        s1_0.roll_number 
    from
        students s1_0 
    left join
        domains d1_0 
            on d1_0.domain_id=s1_0.domain_id 
    where
        d1_0.domain_id=? 
        and s1_0.is_active
Hibernate: 
    select
        s1_0.student_id,
        s1_0.created_at,
        s1_0.domain_id,
        s1_0.email,
        s1_0.exam_marks,
        s1_0.first_name,
        s1_0.is_active,
        s1_0.join_year,
        s1_0.last_name,
        s1_0.roll_number 
    from
        students s1_0 
    left join
        domains d1_0 
            on d1_0.domain_id=s1_0.domain_id 
    where
        d1_0.domain_id=? 
        and s1_0.is_active
Hibernate: 
    select
        s1_0.student_id,
        s1_0.created_at,
        s1_0.domain_id,
        s1_0.email,
        s1_0.exam_marks,
        s1_0.first_name,
        s1_0.is_active,
        s1_0.join_year,
        s1_0.last_name,
        s1_0.roll_number 
    from
        students s1_0 
    left join
        domains d1_0 
            on d1_0.domain_id=s1_0.domain_id 
    where
        d1_0.domain_id=? 
        and s1_0.is_active
Hibernate: 
    select
        s1_0.student_id,
        s1_0.created_at,
        s1_0.domain_id,
        s1_0.email,
        s1_0.exam_marks,
        s1_0.first_name,
        s1_0.is_active,
        s1_0.join_year,
        s1_0.last_name,
        s1_0.roll_number 
    from
        students s1_0 
    left join
        domains d1_0 
            on d1_0.domain_id=s1_0.domain_id 
    where
        d1_0.domain_id=? 
        and s1_0.is_active
Hibernate: 
    select
        s1_0.student_id,
        s1_0.created_at,
        s1_0.domain_id,
        s1_0.email,
        s1_0.exam_marks,
        s1_0.first_name,
        s1_0.is_active,
        s1_0.join_year,
        s1_0.last_name,
        s1_0.roll_number 
    from
        students s1_0 
    left join
        domains d1_0 
            on d1_0.domain_id=s1_0.domain_id 
    where
        d1_0.domain_id=? 
        and s1_0.is_active
Hibernate: 
    select
        s1_0.student_id,
        s1_0.created_at,
        s1_0.domain_id,
        s1_0.email,
        s1_0.exam_marks,
        s1_0.first_name,
        s1_0.is_active,
        s1_0.join_year,
        s1_0.last_name,
        s1_0.roll_number 
    from
        students s1_0 
    left join
        domains d1_0 
            on d1_0.domain_id=s1_0.domain_id 
    where
        d1_0.domain_id=? 
        and s1_0.is_active
2026-08-16T21:20:56.624+05:30  INFO 519088 --- [academic.erp] [nio-8080-exec-7] c.a.e.b.controller.OAuthController       : User authenticated: employee6868@gmail.com
Hibernate: 
    select
        d1_0.domain_id,
        d1_0.batch,
        d1_0.capacity,
        d1_0.created_at,
        d1_0.cutoff_marks,
        d1_0.exam_name,
        d1_0.program 
    from
        domains d1_0
Hibernate: 
    select
        s1_0.student_id,
        s1_0.created_at,
        s1_0.domain_id,
        s1_0.email,
        s1_0.exam_marks,
        s1_0.first_name,
        s1_0.is_active,
        s1_0.join_year,
        s1_0.last_name,
        s1_0.roll_number 
    from
        students s1_0 
    left join
        domains d1_0 
            on d1_0.domain_id=s1_0.domain_id 
    where
        d1_0.domain_id=? 
        and s1_0.is_active
Hibernate: 
    select
        s1_0.student_id,
        s1_0.created_at,
        s1_0.domain_id,
        s1_0.email,
        s1_0.exam_marks,
        s1_0.first_name,
        s1_0.is_active,
        s1_0.join_year,
        s1_0.last_name,
        s1_0.roll_number 
    from
        students s1_0 
    left join
        domains d1_0 
            on d1_0.domain_id=s1_0.domain_id 
    where
        d1_0.domain_id=? 
        and s1_0.is_active
Hibernate: 
    select
        s1_0.student_id,
        s1_0.created_at,
        s1_0.domain_id,
        s1_0.email,
        s1_0.exam_marks,
        s1_0.first_name,
        s1_0.is_active,
        s1_0.join_year,
        s1_0.last_name,
        s1_0.roll_number 
    from
        students s1_0 
    left join
        domains d1_0 
            on d1_0.domain_id=s1_0.domain_id 
    where
        d1_0.domain_id=? 
        and s1_0.is_active
Hibernate: 
    select
        s1_0.student_id,
        s1_0.created_at,
        s1_0.domain_id,
        s1_0.email,
        s1_0.exam_marks,
        s1_0.first_name,
        s1_0.is_active,
        s1_0.join_year,
        s1_0.last_name,
        s1_0.roll_number 
    from
        students s1_0 
    left join
        domains d1_0 
            on d1_0.domain_id=s1_0.domain_id 
    where
        d1_0.domain_id=? 
        and s1_0.is_active
Hibernate: 
    select
        s1_0.student_id,
        s1_0.created_at,
        s1_0.domain_id,
        s1_0.email,
        s1_0.exam_marks,
        s1_0.first_name,
        s1_0.is_active,
        s1_0.join_year,
        s1_0.last_name,
        s1_0.roll_number 
    from
        students s1_0 
    left join
        domains d1_0 
            on d1_0.domain_id=s1_0.domain_id 
    where
        d1_0.domain_id=? 
        and s1_0.is_active
Hibernate: 
    select
        s1_0.student_id,
        s1_0.created_at,
        s1_0.domain_id,
        s1_0.email,
        s1_0.exam_marks,
        s1_0.first_name,
        s1_0.is_active,
        s1_0.join_year,
        s1_0.last_name,
        s1_0.roll_number 
    from
        students s1_0 
    left join
        domains d1_0 
            on d1_0.domain_id=s1_0.domain_id 
    where
        d1_0.domain_id=? 
        and s1_0.is_active
Hibernate: 
    select
        s1_0.student_id,
        s1_0.created_at,
        s1_0.domain_id,
        s1_0.email,
        s1_0.exam_marks,
        s1_0.first_name,
        s1_0.is_active,
        s1_0.join_year,
        s1_0.last_name,
        s1_0.roll_number 
    from
        students s1_0 
    left join
        domains d1_0 
            on d1_0.domain_id=s1_0.domain_id 
    where
        d1_0.domain_id=? 
        and s1_0.is_active
Hibernate: 
    select
        s1_0.student_id,
        s1_0.created_at,
        s1_0.domain_id,
        s1_0.email,
        s1_0.exam_marks,
        s1_0.first_name,
        s1_0.is_active,
        s1_0.join_year,
        s1_0.last_name,
        s1_0.roll_number 
    from
        students s1_0 
    left join
        domains d1_0 
            on d1_0.domain_id=s1_0.domain_id 
    where
        d1_0.domain_id=? 
        and s1_0.is_active
Hibernate: 
    select
        d1_0.domain_id,
        d1_0.batch,
        d1_0.capacity,
        d1_0.created_at,
        d1_0.cutoff_marks,
        d1_0.exam_name,
        d1_0.program 
    from
        domains d1_0
Hibernate: 
    select
        s1_0.student_id,
        s1_0.created_at,
        s1_0.domain_id,
        s1_0.email,
        s1_0.exam_marks,
        s1_0.first_name,
        s1_0.is_active,
        s1_0.join_year,
        s1_0.last_name,
        s1_0.roll_number 
    from
        students s1_0 
    left join
        domains d1_0 
            on d1_0.domain_id=s1_0.domain_id 
    where
        d1_0.domain_id=? 
        and s1_0.is_active
Hibernate: 
    select
        s1_0.student_id,
        s1_0.created_at,
        s1_0.domain_id,
        s1_0.email,
        s1_0.exam_marks,
        s1_0.first_name,
        s1_0.is_active,
        s1_0.join_year,
        s1_0.last_name,
        s1_0.roll_number 
    from
        students s1_0 
    left join
        domains d1_0 
            on d1_0.domain_id=s1_0.domain_id 
    where
        d1_0.domain_id=? 
        and s1_0.is_active
Hibernate: 
    select
        s1_0.student_id,
        s1_0.created_at,
        s1_0.domain_id,
        s1_0.email,
        s1_0.exam_marks,
        s1_0.first_name,
        s1_0.is_active,
        s1_0.join_year,
        s1_0.last_name,
        s1_0.roll_number 
    from
        students s1_0 
    left join
        domains d1_0 
            on d1_0.domain_id=s1_0.domain_id 
    where
        d1_0.domain_id=? 
        and s1_0.is_active
Hibernate: 
    select
        s1_0.student_id,
        s1_0.created_at,
        s1_0.domain_id,
        s1_0.email,
        s1_0.exam_marks,
        s1_0.first_name,
        s1_0.is_active,
        s1_0.join_year,
        s1_0.last_name,
        s1_0.roll_number 
    from
        students s1_0 
    left join
        domains d1_0 
            on d1_0.domain_id=s1_0.domain_id 
    where
        d1_0.domain_id=? 
        and s1_0.is_active
Hibernate: 
    select
        s1_0.student_id,
        s1_0.created_at,
        s1_0.domain_id,
        s1_0.email,
        s1_0.exam_marks,
        s1_0.first_name,
        s1_0.is_active,
        s1_0.join_year,
        s1_0.last_name,
        s1_0.roll_number 
    from
        students s1_0 
    left join
        domains d1_0 
            on d1_0.domain_id=s1_0.domain_id 
    where
        d1_0.domain_id=? 
        and s1_0.is_active
Hibernate: 
    select
        s1_0.student_id,
        s1_0.created_at,
        s1_0.domain_id,
        s1_0.email,
        s1_0.exam_marks,
        s1_0.first_name,
        s1_0.is_active,
        s1_0.join_year,
        s1_0.last_name,
        s1_0.roll_number 
    from
        students s1_0 
    left join
        domains d1_0 
            on d1_0.domain_id=s1_0.domain_id 
    where
        d1_0.domain_id=? 
        and s1_0.is_active
Hibernate: 
    select
        s1_0.student_id,
        s1_0.created_at,
        s1_0.domain_id,
        s1_0.email,
        s1_0.exam_marks,
        s1_0.first_name,
        s1_0.is_active,
        s1_0.join_year,
        s1_0.last_name,
        s1_0.roll_number 
    from
        students s1_0 
    left join
        domains d1_0 
            on d1_0.domain_id=s1_0.domain_id 
    where
        d1_0.domain_id=? 
        and s1_0.is_active
Hibernate: 
    select
        s1_0.student_id,
        s1_0.created_at,
        s1_0.domain_id,
        s1_0.email,
        s1_0.exam_marks,
        s1_0.first_name,
        s1_0.is_active,
        s1_0.join_year,
        s1_0.last_name,
        s1_0.roll_number 
    from
        students s1_0 
    left join
        domains d1_0 
            on d1_0.domain_id=s1_0.domain_id 
    where
        d1_0.domain_id=? 
        and s1_0.is_active
Hibernate: 
    select
        d1_0.domain_id,
        d1_0.batch,
        d1_0.capacity,
        d1_0.created_at,
        d1_0.cutoff_marks,
        d1_0.exam_name,
        d1_0.program 
    from
        domains d1_0 
    where
        d1_0.domain_id=?
Hibernate: 
    select
        s1_0.student_id,
        s1_0.created_at,
        s1_0.domain_id,
        s1_0.email,
        s1_0.exam_marks,
        s1_0.first_name,
        s1_0.is_active,
        s1_0.join_year,
        s1_0.last_name,
        s1_0.roll_number 
    from
        students s1_0 
    left join
        domains d1_0 
            on d1_0.domain_id=s1_0.domain_id 
    where
        d1_0.domain_id=? 
        and s1_0.is_active
Hibernate: 
    select
        d1_0.domain_id,
        d1_0.batch,
        d1_0.capacity,
        d1_0.created_at,
        d1_0.cutoff_marks,
        d1_0.exam_name,
        d1_0.program 
    from
        domains d1_0 
    where
        d1_0.domain_id=?
Hibernate: 
    select
        s1_0.student_id,
        s1_0.created_at,
        s1_0.domain_id,
        s1_0.email,
        s1_0.exam_marks,
        s1_0.first_name,
        s1_0.is_active,
        s1_0.join_year,
        s1_0.last_name,
        s1_0.roll_number 
    from
        students s1_0 
    left join
        domains d1_0 
            on d1_0.domain_id=s1_0.domain_id 
    where
        d1_0.domain_id=? 
        and s1_0.is_active
Hibernate: 
    select
        s1_0.student_id,
        s1_0.created_at,
        s1_0.domain_id,
        s1_0.email,
        s1_0.exam_marks,
        s1_0.first_name,
        s1_0.is_active,
        s1_0.join_year,
        s1_0.last_name,
        s1_0.roll_number 
    from
        students s1_0 
    left join
        domains d1_0 
            on d1_0.domain_id=s1_0.domain_id 
    where
        d1_0.domain_id=? 
        and s1_0.is_active
Hibernate: 
    select
        d1_0.domain_id,
        d1_0.batch,
        d1_0.capacity,
        d1_0.created_at,
        d1_0.cutoff_marks,
        d1_0.exam_name,
        d1_0.program 
    from
        domains d1_0 
    where
        d1_0.domain_id=?
Hibernate: 
    select
        s1_0.student_id,
        s1_0.created_at,
        s1_0.domain_id,
        s1_0.email,
        s1_0.exam_marks,
        s1_0.first_name,
        s1_0.is_active,
        s1_0.join_year,
        s1_0.last_name,
        s1_0.roll_number 
    from
        students s1_0 
    left join
        domains d1_0 
            on d1_0.domain_id=s1_0.domain_id 
    where
        d1_0.domain_id=? 
        and s1_0.is_active
Hibernate: 
    select
        d1_0.domain_id,
        d1_0.batch,
        d1_0.capacity,
        d1_0.created_at,
        d1_0.cutoff_marks,
        d1_0.exam_name,
        d1_0.program 
    from
        domains d1_0 
    where
        d1_0.domain_id=?
Hibernate: 
    select
        d1_0.domain_id,
        d1_0.batch,
        d1_0.capacity,
        d1_0.created_at,
        d1_0.cutoff_marks,
        d1_0.exam_name,
        d1_0.program 
    from
        domains d1_0
Hibernate: 
    select
        s1_0.student_id,
        s1_0.created_at,
        s1_0.domain_id,
        s1_0.email,
        s1_0.exam_marks,
        s1_0.first_name,
        s1_0.is_active,
        s1_0.join_year,
        s1_0.last_name,
        s1_0.roll_number 
    from
        students s1_0 
    left join
        domains d1_0 
            on d1_0.domain_id=s1_0.domain_id 
    where
        d1_0.domain_id=? 
        and s1_0.is_active
Hibernate: 
    select
        s1_0.student_id,
        s1_0.created_at,
        s1_0.domain_id,
        s1_0.email,
        s1_0.exam_marks,
        s1_0.first_name,
        s1_0.is_active,
        s1_0.join_year,
        s1_0.last_name,
        s1_0.roll_number 
    from
        students s1_0 
    left join
        domains d1_0 
            on d1_0.domain_id=s1_0.domain_id 
    where
        d1_0.domain_id=? 
        and s1_0.is_active
Hibernate: 
    select
        s1_0.student_id,
        s1_0.created_at,
        s1_0.domain_id,
        s1_0.email,
        s1_0.exam_marks,
        s1_0.first_name,
        s1_0.is_active,
        s1_0.join_year,
        s1_0.last_name,
        s1_0.roll_number 
    from
        students s1_0 
    left join
        domains d1_0 
            on d1_0.domain_id=s1_0.domain_id 
    where
        d1_0.domain_id=? 
        and s1_0.is_active
Hibernate: 
    select
        s1_0.student_id,
        s1_0.created_at,
        s1_0.domain_id,
        s1_0.email,
        s1_0.exam_marks,
        s1_0.first_name,
        s1_0.is_active,
        s1_0.join_year,
        s1_0.last_name,
        s1_0.roll_number 
    from
        students s1_0 
    left join
        domains d1_0 
            on d1_0.domain_id=s1_0.domain_id 
    where
        d1_0.domain_id=? 
        and s1_0.is_active
Hibernate: 
    select
        s1_0.student_id,
        s1_0.created_at,
        s1_0.domain_id,
        s1_0.email,
        s1_0.exam_marks,
        s1_0.first_name,
        s1_0.is_active,
        s1_0.join_year,
        s1_0.last_name,
        s1_0.roll_number 
    from
        students s1_0 
    left join
        domains d1_0 
            on d1_0.domain_id=s1_0.domain_id 
    where
        d1_0.domain_id=? 
        and s1_0.is_active
Hibernate: 
    select
        s1_0.student_id,
        s1_0.created_at,
        s1_0.domain_id,
        s1_0.email,
        s1_0.exam_marks,
        s1_0.first_name,
        s1_0.is_active,
        s1_0.join_year,
        s1_0.last_name,
        s1_0.roll_number 
    from
        students s1_0 
    left join
        domains d1_0 
            on d1_0.domain_id=s1_0.domain_id 
    where
        d1_0.domain_id=? 
        and s1_0.is_active
Hibernate: 
    select
        s1_0.student_id,
        s1_0.created_at,
        s1_0.domain_id,
        s1_0.email,
        s1_0.exam_marks,
        s1_0.first_name,
        s1_0.is_active,
        s1_0.join_year,
        s1_0.last_name,
        s1_0.roll_number 
    from
        students s1_0 
    left join
        domains d1_0 
            on d1_0.domain_id=s1_0.domain_id 
    where
        d1_0.domain_id=? 
        and s1_0.is_active
Hibernate: 
    select
        s1_0.student_id,
        s1_0.created_at,
        s1_0.domain_id,
        s1_0.email,
        s1_0.exam_marks,
        s1_0.first_name,
        s1_0.is_active,
        s1_0.join_year,
        s1_0.last_name,
        s1_0.roll_number 
    from
        students s1_0 
    left join
        domains d1_0 
            on d1_0.domain_id=s1_0.domain_id 
    where
        d1_0.domain_id=? 
        and s1_0.is_active
Hibernate: 
    select
        s1_0.student_id,
        s1_0.created_at,
        s1_0.domain_id,
        s1_0.email,
        s1_0.exam_marks,
        s1_0.first_name,
        s1_0.is_active,
        s1_0.join_year,
        s1_0.last_name,
        s1_0.roll_number 
    from
        students s1_0 
    where
        s1_0.student_id=?
Hibernate: 
    select
        d1_0.domain_id,
        d1_0.batch,
        d1_0.capacity,
        d1_0.created_at,
        d1_0.cutoff_marks,
        d1_0.exam_name,
        d1_0.program 
    from
        domains d1_0 
    where
        d1_0.domain_id=?
Hibernate: 
    update
        students 
    set
        created_at=?,
        domain_id=?,
        email=?,
        exam_marks=?,
        first_name=?,
        is_active=?,
        join_year=?,
        last_name=?,
        roll_number=? 
    where
        student_id=?
Hibernate: 
    select
        s1_0.student_id,
        s1_0.created_at,
        s1_0.domain_id,
        s1_0.email,
        s1_0.exam_marks,
        s1_0.first_name,
        s1_0.is_active,
        s1_0.join_year,
        s1_0.last_name,
        s1_0.roll_number 
    from
        students s1_0 
    left join
        domains d1_0 
            on d1_0.domain_id=s1_0.domain_id 
    where
        d1_0.domain_id=? 
        and s1_0.is_active
Hibernate: 
    select
        d1_0.domain_id,
        d1_0.batch,
        d1_0.capacity,
        d1_0.created_at,
        d1_0.cutoff_marks,
        d1_0.exam_name,
        d1_0.program 
    from
        domains d1_0 
    where
        d1_0.domain_id=?
Hibernate: 
    select
        d1_0.domain_id,
        d1_0.batch,
        d1_0.capacity,
        d1_0.created_at,
        d1_0.cutoff_marks,
        d1_0.exam_name,
        d1_0.program 
    from
        domains d1_0
Hibernate: 
    select
        s1_0.student_id,
        s1_0.created_at,
        s1_0.domain_id,
        s1_0.email,
        s1_0.exam_marks,
        s1_0.first_name,
        s1_0.is_active,
        s1_0.join_year,
        s1_0.last_name,
        s1_0.roll_number 
    from
        students s1_0 
    left join
        domains d1_0 
            on d1_0.domain_id=s1_0.domain_id 
    where
        d1_0.domain_id=? 
        and s1_0.is_active
Hibernate: 
    select
        s1_0.student_id,
        s1_0.created_at,
        s1_0.domain_id,
        s1_0.email,
        s1_0.exam_marks,
        s1_0.first_name,
        s1_0.is_active,
        s1_0.join_year,
        s1_0.last_name,
        s1_0.roll_number 
    from
        students s1_0 
    left join
        domains d1_0 
            on d1_0.domain_id=s1_0.domain_id 
    where
        d1_0.domain_id=? 
        and s1_0.is_active
Hibernate: 
    select
        s1_0.student_id,
        s1_0.created_at,
        s1_0.domain_id,
        s1_0.email,
        s1_0.exam_marks,
        s1_0.first_name,
        s1_0.is_active,
        s1_0.join_year,
        s1_0.last_name,
        s1_0.roll_number 
    from
        students s1_0 
    left join
        domains d1_0 
            on d1_0.domain_id=s1_0.domain_id 
    where
        d1_0.domain_id=? 
        and s1_0.is_active
Hibernate: 
    select
        s1_0.student_id,
        s1_0.created_at,
        s1_0.domain_id,
        s1_0.email,
        s1_0.exam_marks,
        s1_0.first_name,
        s1_0.is_active,
        s1_0.join_year,
        s1_0.last_name,
        s1_0.roll_number 
    from
        students s1_0 
    left join
        domains d1_0 
            on d1_0.domain_id=s1_0.domain_id 
    where
        d1_0.domain_id=? 
        and s1_0.is_active
Hibernate: 
    select
        s1_0.student_id,
        s1_0.created_at,
        s1_0.domain_id,
        s1_0.email,
        s1_0.exam_marks,
        s1_0.first_name,
        s1_0.is_active,
        s1_0.join_year,
        s1_0.last_name,
        s1_0.roll_number 
    from
        students s1_0 
    left join
        domains d1_0 
            on d1_0.domain_id=s1_0.domain_id 
    where
        d1_0.domain_id=? 
        and s1_0.is_active
Hibernate: 
    select
        s1_0.student_id,
        s1_0.created_at,
        s1_0.domain_id,
        s1_0.email,
        s1_0.exam_marks,
        s1_0.first_name,
        s1_0.is_active,
        s1_0.join_year,
        s1_0.last_name,
        s1_0.roll_number 
    from
        students s1_0 
    left join
        domains d1_0 
            on d1_0.domain_id=s1_0.domain_id 
    where
        d1_0.domain_id=? 
        and s1_0.is_active
Hibernate: 
    select
        s1_0.student_id,
        s1_0.created_at,
        s1_0.domain_id,
        s1_0.email,
        s1_0.exam_marks,
        s1_0.first_name,
        s1_0.is_active,
        s1_0.join_year,
        s1_0.last_name,
        s1_0.roll_number 
    from
        students s1_0 
    left join
        domains d1_0 
            on d1_0.domain_id=s1_0.domain_id 
    where
        d1_0.domain_id=? 
        and s1_0.is_active
Hibernate: 
    select
        s1_0.student_id,
        s1_0.created_at,
        s1_0.domain_id,
        s1_0.email,
        s1_0.exam_marks,
        s1_0.first_name,
        s1_0.is_active,
        s1_0.join_year,
        s1_0.last_name,
        s1_0.roll_number 
    from
        students s1_0 
    left join
        domains d1_0 
            on d1_0.domain_id=s1_0.domain_id 
    where
        d1_0.domain_id=? 
        and s1_0.is_active
Hibernate: 
    select
        s1_0.student_id,
        s1_0.created_at,
        s1_0.domain_id,
        s1_0.email,
        s1_0.exam_marks,
        s1_0.first_name,
        s1_0.is_active,
        s1_0.join_year,
        s1_0.last_name,
        s1_0.roll_number 
    from
        students s1_0 
    where
        s1_0.student_id=?
Hibernate: 
    select
        d1_0.domain_id,
        d1_0.batch,
        d1_0.capacity,
        d1_0.created_at,
        d1_0.cutoff_marks,
        d1_0.exam_name,
        d1_0.program 
    from
        domains d1_0 
    where
        d1_0.domain_id=?
Hibernate: 
    update
        students 
    set
        created_at=?,
        domain_id=?,
        email=?,
        exam_marks=?,
        first_name=?,
        is_active=?,
        join_year=?,
        last_name=?,
        roll_number=? 
    where
        student_id=?
Hibernate: 
    select
        s1_0.student_id,
        s1_0.created_at,
        s1_0.domain_id,
        s1_0.email,
        s1_0.exam_marks,
        s1_0.first_name,
        s1_0.is_active,
        s1_0.join_year,
        s1_0.last_name,
        s1_0.roll_number 
    from
        students s1_0 
    left join
        domains d1_0 
            on d1_0.domain_id=s1_0.domain_id 
    where
        d1_0.domain_id=? 
        and s1_0.is_active
Hibernate: 
    select
        d1_0.domain_id,
        d1_0.batch,
        d1_0.capacity,
        d1_0.created_at,
        d1_0.cutoff_marks,
        d1_0.exam_name,
        d1_0.program 
    from
        domains d1_0 
    where
        d1_0.domain_id=?
Hibernate: 
    select
        d1_0.domain_id,
        d1_0.batch,
        d1_0.capacity,
        d1_0.created_at,
        d1_0.cutoff_marks,
        d1_0.exam_name,
        d1_0.program 
    from
        domains d1_0
Hibernate: 
    select
        s1_0.student_id,
        s1_0.created_at,
        s1_0.domain_id,
        s1_0.email,
        s1_0.exam_marks,
        s1_0.first_name,
        s1_0.is_active,
        s1_0.join_year,
        s1_0.last_name,
        s1_0.roll_number 
    from
        students s1_0 
    left join
        domains d1_0 
            on d1_0.domain_id=s1_0.domain_id 
    where
        d1_0.domain_id=? 
        and s1_0.is_active
Hibernate: 
    select
        s1_0.student_id,
        s1_0.created_at,
        s1_0.domain_id,
        s1_0.email,
        s1_0.exam_marks,
        s1_0.first_name,
        s1_0.is_active,
        s1_0.join_year,
        s1_0.last_name,
        s1_0.roll_number 
    from
        students s1_0 
    left join
        domains d1_0 
            on d1_0.domain_id=s1_0.domain_id 
    where
        d1_0.domain_id=? 
        and s1_0.is_active
Hibernate: 
    select
        s1_0.student_id,
        s1_0.created_at,
        s1_0.domain_id,
        s1_0.email,
        s1_0.exam_marks,
        s1_0.first_name,
        s1_0.is_active,
        s1_0.join_year,
        s1_0.last_name,
        s1_0.roll_number 
    from
        students s1_0 
    left join
        domains d1_0 
            on d1_0.domain_id=s1_0.domain_id 
    where
        d1_0.domain_id=? 
        and s1_0.is_active
Hibernate: 
    select
        s1_0.student_id,
        s1_0.created_at,
        s1_0.domain_id,
        s1_0.email,
        s1_0.exam_marks,
        s1_0.first_name,
        s1_0.is_active,
        s1_0.join_year,
        s1_0.last_name,
        s1_0.roll_number 
    from
        students s1_0 
    left join
        domains d1_0 
            on d1_0.domain_id=s1_0.domain_id 
    where
        d1_0.domain_id=? 
        and s1_0.is_active
Hibernate: 
    select
        s1_0.student_id,
        s1_0.created_at,
        s1_0.domain_id,
        s1_0.email,
        s1_0.exam_marks,
        s1_0.first_name,
        s1_0.is_active,
        s1_0.join_year,
        s1_0.last_name,
        s1_0.roll_number 
    from
        students s1_0 
    left join
        domains d1_0 
            on d1_0.domain_id=s1_0.domain_id 
    where
        d1_0.domain_id=? 
        and s1_0.is_active
Hibernate: 
    select
        s1_0.student_id,
        s1_0.created_at,
        s1_0.domain_id,
        s1_0.email,
        s1_0.exam_marks,
        s1_0.first_name,
        s1_0.is_active,
        s1_0.join_year,
        s1_0.last_name,
        s1_0.roll_number 
    from
        students s1_0 
    left join
        domains d1_0 
            on d1_0.domain_id=s1_0.domain_id 
    where
        d1_0.domain_id=? 
        and s1_0.is_active
Hibernate: 
    select
        s1_0.student_id,
        s1_0.created_at,
        s1_0.domain_id,
        s1_0.email,
        s1_0.exam_marks,
        s1_0.first_name,
        s1_0.is_active,
        s1_0.join_year,
        s1_0.last_name,
        s1_0.roll_number 
    from
        students s1_0 
    left join
        domains d1_0 
            on d1_0.domain_id=s1_0.domain_id 
    where
        d1_0.domain_id=? 
        and s1_0.is_active
Hibernate: 
    select
        s1_0.student_id,
        s1_0.created_at,
        s1_0.domain_id,
        s1_0.email,
        s1_0.exam_marks,
        s1_0.first_name,
        s1_0.is_active,
        s1_0.join_year,
        s1_0.last_name,
        s1_0.roll_number 
    from
        students s1_0 
    left join
        domains d1_0 
            on d1_0.domain_id=s1_0.domain_id 
    where
        d1_0.domain_id=? 
        and s1_0.is_active
Hibernate: 
    select
        s1_0.student_id,
        s1_0.created_at,
        s1_0.domain_id,
        s1_0.email,
        s1_0.exam_marks,
        s1_0.first_name,
        s1_0.is_active,
        s1_0.join_year,
        s1_0.last_name,
        s1_0.roll_number 
    from
        students s1_0 
    where
        s1_0.student_id=?
Hibernate: 
    select
        d1_0.domain_id,
        d1_0.batch,
        d1_0.capacity,
        d1_0.created_at,
        d1_0.cutoff_marks,
        d1_0.exam_name,
        d1_0.program 
    from
        domains d1_0 
    where
        d1_0.domain_id=?
Hibernate: 
    update
        students 
    set
        created_at=?,
        domain_id=?,
        email=?,
        exam_marks=?,
        first_name=?,
        is_active=?,
        join_year=?,
        last_name=?,
        roll_number=? 
    where
        student_id=?
Hibernate: 
    select
        s1_0.student_id,
        s1_0.created_at,
        s1_0.domain_id,
        s1_0.email,
        s1_0.exam_marks,
        s1_0.first_name,
        s1_0.is_active,
        s1_0.join_year,
        s1_0.last_name,
        s1_0.roll_number 
    from
        students s1_0 
    left join
        domains d1_0 
            on d1_0.domain_id=s1_0.domain_id 
    where
        d1_0.domain_id=? 
        and s1_0.is_active
Hibernate: 
    select
        d1_0.domain_id,
        d1_0.batch,
        d1_0.capacity,
        d1_0.created_at,
        d1_0.cutoff_marks,
        d1_0.exam_name,
        d1_0.program 
    from
        domains d1_0 
    where
        d1_0.domain_id=?
Hibernate: 
    select
        d1_0.domain_id,
        d1_0.batch,
        d1_0.capacity,
        d1_0.created_at,
        d1_0.cutoff_marks,
        d1_0.exam_name,
        d1_0.program 
    from
        domains d1_0
Hibernate: 
    select
        s1_0.student_id,
        s1_0.created_at,
        s1_0.domain_id,
        s1_0.email,
        s1_0.exam_marks,
        s1_0.first_name,
        s1_0.is_active,
        s1_0.join_year,
        s1_0.last_name,
        s1_0.roll_number 
    from
        students s1_0 
    left join
        domains d1_0 
            on d1_0.domain_id=s1_0.domain_id 
    where
        d1_0.domain_id=? 
        and s1_0.is_active
Hibernate: 
    select
        s1_0.student_id,
        s1_0.created_at,
        s1_0.domain_id,
        s1_0.email,
        s1_0.exam_marks,
        s1_0.first_name,
        s1_0.is_active,
        s1_0.join_year,
        s1_0.last_name,
        s1_0.roll_number 
    from
        students s1_0 
    left join
        domains d1_0 
            on d1_0.domain_id=s1_0.domain_id 
    where
        d1_0.domain_id=? 
        and s1_0.is_active
Hibernate: 
    select
        s1_0.student_id,
        s1_0.created_at,
        s1_0.domain_id,
        s1_0.email,
        s1_0.exam_marks,
        s1_0.first_name,
        s1_0.is_active,
        s1_0.join_year,
        s1_0.last_name,
        s1_0.roll_number 
    from
        students s1_0 
    left join
        domains d1_0 
            on d1_0.domain_id=s1_0.domain_id 
    where
        d1_0.domain_id=? 
        and s1_0.is_active
Hibernate: 
    select
        s1_0.student_id,
        s1_0.created_at,
        s1_0.domain_id,
        s1_0.email,
        s1_0.exam_marks,
        s1_0.first_name,
        s1_0.is_active,
        s1_0.join_year,
        s1_0.last_name,
        s1_0.roll_number 
    from
        students s1_0 
    left join
        domains d1_0 
            on d1_0.domain_id=s1_0.domain_id 
    where
        d1_0.domain_id=? 
        and s1_0.is_active
Hibernate: 
    select
        s1_0.student_id,
        s1_0.created_at,
        s1_0.domain_id,
        s1_0.email,
        s1_0.exam_marks,
        s1_0.first_name,
        s1_0.is_active,
        s1_0.join_year,
        s1_0.last_name,
        s1_0.roll_number 
    from
        students s1_0 
    left join
        domains d1_0 
            on d1_0.domain_id=s1_0.domain_id 
    where
        d1_0.domain_id=? 
        and s1_0.is_active
Hibernate: 
    select
        s1_0.student_id,
        s1_0.created_at,
        s1_0.domain_id,
        s1_0.email,
        s1_0.exam_marks,
        s1_0.first_name,
        s1_0.is_active,
        s1_0.join_year,
        s1_0.last_name,
        s1_0.roll_number 
    from
        students s1_0 
    left join
        domains d1_0 
            on d1_0.domain_id=s1_0.domain_id 
    where
        d1_0.domain_id=? 
        and s1_0.is_active
Hibernate: 
    select
        s1_0.student_id,
        s1_0.created_at,
        s1_0.domain_id,
        s1_0.email,
        s1_0.exam_marks,
        s1_0.first_name,
        s1_0.is_active,
        s1_0.join_year,
        s1_0.last_name,
        s1_0.roll_number 
    from
        students s1_0 
    left join
        domains d1_0 
            on d1_0.domain_id=s1_0.domain_id 
    where
        d1_0.domain_id=? 
        and s1_0.is_active
Hibernate: 
    select
        s1_0.student_id,
        s1_0.created_at,
        s1_0.domain_id,
        s1_0.email,
        s1_0.exam_marks,
        s1_0.first_name,
        s1_0.is_active,
        s1_0.join_year,
        s1_0.last_name,
        s1_0.roll_number 
    from
        students s1_0 
    left join
        domains d1_0 
            on d1_0.domain_id=s1_0.domain_id 
    where
        d1_0.domain_id=? 
        and s1_0.is_active
Hibernate: 
    select
        d1_0.domain_id,
        d1_0.batch,
        d1_0.capacity,
        d1_0.created_at,
        d1_0.cutoff_marks,
        d1_0.exam_name,
        d1_0.program 
    from
        domains d1_0
Hibernate: 
    select
        s1_0.student_id,
        s1_0.created_at,
        s1_0.domain_id,
        s1_0.email,
        s1_0.exam_marks,
        s1_0.first_name,
        s1_0.is_active,
        s1_0.join_year,
        s1_0.last_name,
        s1_0.roll_number 
    from
        students s1_0 
    left join
        domains d1_0 
            on d1_0.domain_id=s1_0.domain_id 
    where
        d1_0.domain_id=? 
        and s1_0.is_active
Hibernate: 
    select
        s1_0.student_id,
        s1_0.created_at,
        s1_0.domain_id,
        s1_0.email,
        s1_0.exam_marks,
        s1_0.first_name,
        s1_0.is_active,
        s1_0.join_year,
        s1_0.last_name,
        s1_0.roll_number 
    from
        students s1_0 
    left join
        domains d1_0 
            on d1_0.domain_id=s1_0.domain_id 
    where
        d1_0.domain_id=? 
        and s1_0.is_active
Hibernate: 
    select
        s1_0.student_id,
        s1_0.created_at,
        s1_0.domain_id,
        s1_0.email,
        s1_0.exam_marks,
        s1_0.first_name,
        s1_0.is_active,
        s1_0.join_year,
        s1_0.last_name,
        s1_0.roll_number 
    from
        students s1_0 
    left join
        domains d1_0 
            on d1_0.domain_id=s1_0.domain_id 
    where
        d1_0.domain_id=? 
        and s1_0.is_active
Hibernate: 
    select
        s1_0.student_id,
        s1_0.created_at,
        s1_0.domain_id,
        s1_0.email,
        s1_0.exam_marks,
        s1_0.first_name,
        s1_0.is_active,
        s1_0.join_year,
        s1_0.last_name,
        s1_0.roll_number 
    from
        students s1_0 
    left join
        domains d1_0 
            on d1_0.domain_id=s1_0.domain_id 
    where
        d1_0.domain_id=? 
        and s1_0.is_active
Hibernate: 
    select
        s1_0.student_id,
        s1_0.created_at,
        s1_0.domain_id,
        s1_0.email,
        s1_0.exam_marks,
        s1_0.first_name,
        s1_0.is_active,
        s1_0.join_year,
        s1_0.last_name,
        s1_0.roll_number 
    from
        students s1_0 
    left join
        domains d1_0 
            on d1_0.domain_id=s1_0.domain_id 
    where
        d1_0.domain_id=? 
        and s1_0.is_active
Hibernate: 
    select
        s1_0.student_id,
        s1_0.created_at,
        s1_0.domain_id,
        s1_0.email,
        s1_0.exam_marks,
        s1_0.first_name,
        s1_0.is_active,
        s1_0.join_year,
        s1_0.last_name,
        s1_0.roll_number 
    from
        students s1_0 
    left join
        domains d1_0 
            on d1_0.domain_id=s1_0.domain_id 
    where
        d1_0.domain_id=? 
        and s1_0.is_active
Hibernate: 
    select
        s1_0.student_id,
        s1_0.created_at,
        s1_0.domain_id,
        s1_0.email,
        s1_0.exam_marks,
        s1_0.first_name,
        s1_0.is_active,
        s1_0.join_year,
        s1_0.last_name,
        s1_0.roll_number 
    from
        students s1_0 
    left join
        domains d1_0 
            on d1_0.domain_id=s1_0.domain_id 
    where
        d1_0.domain_id=? 
        and s1_0.is_active
Hibernate: 
    select
        s1_0.student_id,
        s1_0.created_at,
        s1_0.domain_id,
        s1_0.email,
        s1_0.exam_marks,
        s1_0.first_name,
        s1_0.is_active,
        s1_0.join_year,
        s1_0.last_name,
        s1_0.roll_number 
    from
        students s1_0 
    left join
        domains d1_0 
            on d1_0.domain_id=s1_0.domain_id 
    where
        d1_0.domain_id=? 
        and s1_0.is_active
Hibernate: 
    select
        d1_0.domain_id,
        d1_0.batch,
        d1_0.capacity,
        d1_0.created_at,
        d1_0.cutoff_marks,
        d1_0.exam_name,
        d1_0.program 
    from
        domains d1_0 
    where
        d1_0.domain_id=?
Hibernate: 
    select
        s1_0.student_id,
        s1_0.created_at,
        s1_0.domain_id,
        s1_0.email,
        s1_0.exam_marks,
        s1_0.first_name,
        s1_0.is_active,
        s1_0.join_year,
        s1_0.last_name,
        s1_0.roll_number 
    from
        students s1_0 
    left join
        domains d1_0 
            on d1_0.domain_id=s1_0.domain_id 
    where
        d1_0.domain_id=?
Hibernate: 
    select
        d1_0.domain_id,
        d1_0.batch,
        d1_0.capacity,
        d1_0.created_at,
        d1_0.cutoff_marks,
        d1_0.exam_name,
        d1_0.program 
    from
        domains d1_0 
    where
        d1_0.domain_id=?
Hibernate: 
    update
        domains 
    set
        batch=?,
        capacity=?,
        created_at=?,
        cutoff_marks=?,
        exam_name=?,
        program=? 
    where
        domain_id=?
Hibernate: 
    select
        s1_0.student_id,
        s1_0.created_at,
        s1_0.domain_id,
        s1_0.email,
        s1_0.exam_marks,
        s1_0.first_name,
        s1_0.is_active,
        s1_0.join_year,
        s1_0.last_name,
        s1_0.roll_number 
    from
        students s1_0 
    left join
        domains d1_0 
            on d1_0.domain_id=s1_0.domain_id 
    where
        d1_0.domain_id=?
Hibernate: 
    update
        students 
    set
        created_at=?,
        domain_id=?,
        email=?,
        exam_marks=?,
        first_name=?,
        is_active=?,
        join_year=?,
        last_name=?,
        roll_number=? 
    where
        student_id=?
Hibernate: 
    update
        students 
    set
        created_at=?,
        domain_id=?,
        email=?,
        exam_marks=?,
        first_name=?,
        is_active=?,
        join_year=?,
        last_name=?,
        roll_number=? 
    where
        student_id=?
Hibernate: 
    update
        students 
    set
        created_at=?,
        domain_id=?,
        email=?,
        exam_marks=?,
        first_name=?,
        is_active=?,
        join_year=?,
        last_name=?,
        roll_number=? 
    where
        student_id=?
Hibernate: 
    update
        students 
    set
        created_at=?,
        domain_id=?,
        email=?,
        exam_marks=?,
        first_name=?,
        is_active=?,
        join_year=?,
        last_name=?,
        roll_number=? 
    where
        student_id=?
Hibernate: 
    select
        s1_0.student_id,
        s1_0.created_at,
        s1_0.domain_id,
        s1_0.email,
        s1_0.exam_marks,
        s1_0.first_name,
        s1_0.is_active,
        s1_0.join_year,
        s1_0.last_name,
        s1_0.roll_number 
    from
        students s1_0 
    left join
        domains d1_0 
            on d1_0.domain_id=s1_0.domain_id 
    where
        d1_0.domain_id=? 
        and s1_0.is_active
Hibernate: 
    select
        d1_0.domain_id,
        d1_0.batch,
        d1_0.capacity,
        d1_0.created_at,
        d1_0.cutoff_marks,
        d1_0.exam_name,
        d1_0.program 
    from
        domains d1_0
Hibernate: 
    select
        s1_0.student_id,
        s1_0.created_at,
        s1_0.domain_id,
        s1_0.email,
        s1_0.exam_marks,
        s1_0.first_name,
        s1_0.is_active,
        s1_0.join_year,
        s1_0.last_name,
        s1_0.roll_number 
    from
        students s1_0 
    left join
        domains d1_0 
            on d1_0.domain_id=s1_0.domain_id 
    where
        d1_0.domain_id=? 
        and s1_0.is_active
Hibernate: 
    select
        s1_0.student_id,
        s1_0.created_at,
        s1_0.domain_id,
        s1_0.email,
        s1_0.exam_marks,
        s1_0.first_name,
        s1_0.is_active,
        s1_0.join_year,
        s1_0.last_name,
        s1_0.roll_number 
    from
        students s1_0 
    left join
        domains d1_0 
            on d1_0.domain_id=s1_0.domain_id 
    where
        d1_0.domain_id=? 
        and s1_0.is_active
Hibernate: 
    select
        s1_0.student_id,
        s1_0.created_at,
        s1_0.domain_id,
        s1_0.email,
        s1_0.exam_marks,
        s1_0.first_name,
        s1_0.is_active,
        s1_0.join_year,
        s1_0.last_name,
        s1_0.roll_number 
    from
        students s1_0 
    left join
        domains d1_0 
            on d1_0.domain_id=s1_0.domain_id 
    where
        d1_0.domain_id=? 
        and s1_0.is_active
Hibernate: 
    select
        s1_0.student_id,
        s1_0.created_at,
        s1_0.domain_id,
        s1_0.email,
        s1_0.exam_marks,
        s1_0.first_name,
        s1_0.is_active,
        s1_0.join_year,
        s1_0.last_name,
        s1_0.roll_number 
    from
        students s1_0 
    left join
        domains d1_0 
            on d1_0.domain_id=s1_0.domain_id 
    where
        d1_0.domain_id=? 
        and s1_0.is_active
Hibernate: 
    select
        s1_0.student_id,
        s1_0.created_at,
        s1_0.domain_id,
        s1_0.email,
        s1_0.exam_marks,
        s1_0.first_name,
        s1_0.is_active,
        s1_0.join_year,
        s1_0.last_name,
        s1_0.roll_number 
    from
        students s1_0 
    left join
        domains d1_0 
            on d1_0.domain_id=s1_0.domain_id 
    where
        d1_0.domain_id=? 
        and s1_0.is_active
Hibernate: 
    select
        s1_0.student_id,
        s1_0.created_at,
        s1_0.domain_id,
        s1_0.email,
        s1_0.exam_marks,
        s1_0.first_name,
        s1_0.is_active,
        s1_0.join_year,
        s1_0.last_name,
        s1_0.roll_number 
    from
        students s1_0 
    left join
        domains d1_0 
            on d1_0.domain_id=s1_0.domain_id 
    where
        d1_0.domain_id=? 
        and s1_0.is_active
Hibernate: 
    select
        s1_0.student_id,
        s1_0.created_at,
        s1_0.domain_id,
        s1_0.email,
        s1_0.exam_marks,
        s1_0.first_name,
        s1_0.is_active,
        s1_0.join_year,
        s1_0.last_name,
        s1_0.roll_number 
    from
        students s1_0 
    left join
        domains d1_0 
            on d1_0.domain_id=s1_0.domain_id 
    where
        d1_0.domain_id=? 
        and s1_0.is_active
Hibernate: 
    select
        s1_0.student_id,
        s1_0.created_at,
        s1_0.domain_id,
        s1_0.email,
        s1_0.exam_marks,
        s1_0.first_name,
        s1_0.is_active,
        s1_0.join_year,
        s1_0.last_name,
        s1_0.roll_number 
    from
        students s1_0 
    left join
        domains d1_0 
            on d1_0.domain_id=s1_0.domain_id 
    where
        d1_0.domain_id=? 
        and s1_0.is_active
Hibernate: 
    select
        d1_0.domain_id,
        d1_0.batch,
        d1_0.capacity,
        d1_0.created_at,
        d1_0.cutoff_marks,
        d1_0.exam_name,
        d1_0.program 
    from
        domains d1_0 
    where
        d1_0.domain_id=?
Hibernate: 
    select
        s1_0.student_id,
        s1_0.created_at,
        s1_0.domain_id,
        s1_0.email,
        s1_0.exam_marks,
        s1_0.first_name,
        s1_0.is_active,
        s1_0.join_year,
        s1_0.last_name,
        s1_0.roll_number 
    from
        students s1_0 
    left join
        domains d1_0 
            on d1_0.domain_id=s1_0.domain_id 
    where
        d1_0.domain_id=? 
        and s1_0.is_active
Hibernate: 
    select
        d1_0.domain_id,
        d1_0.batch,
        d1_0.capacity,
        d1_0.created_at,
        d1_0.cutoff_marks,
        d1_0.exam_name,
        d1_0.program 
    from
        domains d1_0 
    where
        d1_0.domain_id=?
Hibernate: 
    select
        s1_0.student_id,
        s1_0.created_at,
        s1_0.domain_id,
        s1_0.email,
        s1_0.exam_marks,
        s1_0.first_name,
        s1_0.is_active,
        s1_0.join_year,
        s1_0.last_name,
        s1_0.roll_number 
    from
        students s1_0 
    left join
        domains d1_0 
            on d1_0.domain_id=s1_0.domain_id 
    where
        d1_0.domain_id=? 
        and s1_0.is_active
Hibernate: 
    select
        s1_0.student_id,
        s1_0.created_at,
        s1_0.domain_id,
        s1_0.email,
        s1_0.exam_marks,
        s1_0.first_name,
        s1_0.is_active,
        s1_0.join_year,
        s1_0.last_name,
        s1_0.roll_number 
    from
        students s1_0 
    left join
        domains d1_0 
            on d1_0.domain_id=s1_0.domain_id 
    where
        d1_0.domain_id=? 
        and s1_0.is_active
Hibernate: 
    select
        d1_0.domain_id,
        d1_0.batch,
        d1_0.capacity,
        d1_0.created_at,
        d1_0.cutoff_marks,
        d1_0.exam_name,
        d1_0.program 
    from
        domains d1_0 
    where
        d1_0.domain_id=?
Hibernate: 
    select
        s1_0.student_id,
        s1_0.created_at,
        s1_0.domain_id,
        s1_0.email,
        s1_0.exam_marks,
        s1_0.first_name,
        s1_0.is_active,
        s1_0.join_year,
        s1_0.last_name,
        s1_0.roll_number 
    from
        students s1_0 
    left join
        domains d1_0 
            on d1_0.domain_id=s1_0.domain_id 
    where
        d1_0.domain_id=? 
        and s1_0.is_active
Hibernate: 
    select
        d1_0.domain_id,
        d1_0.batch,
        d1_0.capacity,
        d1_0.created_at,
        d1_0.cutoff_marks,
        d1_0.exam_name,
        d1_0.program 
    from
        domains d1_0 
    where
        d1_0.domain_id=?
Hibernate: 
    select
        d1_0.domain_id,
        d1_0.batch,
        d1_0.capacity,
        d1_0.created_at,
        d1_0.cutoff_marks,
        d1_0.exam_name,
        d1_0.program 
    from
        domains d1_0
Hibernate: 
    select
        s1_0.student_id,
        s1_0.created_at,
        s1_0.domain_id,
        s1_0.email,
        s1_0.exam_marks,
        s1_0.first_name,
        s1_0.is_active,
        s1_0.join_year,
        s1_0.last_name,
        s1_0.roll_number 
    from
        students s1_0 
    left join
        domains d1_0 
            on d1_0.domain_id=s1_0.domain_id 
    where
        d1_0.domain_id=? 
        and s1_0.is_active
Hibernate: 
    select
        s1_0.student_id,
        s1_0.created_at,
        s1_0.domain_id,
        s1_0.email,
        s1_0.exam_marks,
        s1_0.first_name,
        s1_0.is_active,
        s1_0.join_year,
        s1_0.last_name,
        s1_0.roll_number 
    from
        students s1_0 
    left join
        domains d1_0 
            on d1_0.domain_id=s1_0.domain_id 
    where
        d1_0.domain_id=? 
        and s1_0.is_active
Hibernate: 
    select
        s1_0.student_id,
        s1_0.created_at,
        s1_0.domain_id,
        s1_0.email,
        s1_0.exam_marks,
        s1_0.first_name,
        s1_0.is_active,
        s1_0.join_year,
        s1_0.last_name,
        s1_0.roll_number 
    from
        students s1_0 
    left join
        domains d1_0 
            on d1_0.domain_id=s1_0.domain_id 
    where
        d1_0.domain_id=? 
        and s1_0.is_active
Hibernate: 
    select
        s1_0.student_id,
        s1_0.created_at,
        s1_0.domain_id,
        s1_0.email,
        s1_0.exam_marks,
        s1_0.first_name,
        s1_0.is_active,
        s1_0.join_year,
        s1_0.last_name,
        s1_0.roll_number 
    from
        students s1_0 
    left join
        domains d1_0 
            on d1_0.domain_id=s1_0.domain_id 
    where
        d1_0.domain_id=? 
        and s1_0.is_active
Hibernate: 
    select
        s1_0.student_id,
        s1_0.created_at,
        s1_0.domain_id,
        s1_0.email,
        s1_0.exam_marks,
        s1_0.first_name,
        s1_0.is_active,
        s1_0.join_year,
        s1_0.last_name,
        s1_0.roll_number 
    from
        students s1_0 
    left join
        domains d1_0 
            on d1_0.domain_id=s1_0.domain_id 
    where
        d1_0.domain_id=? 
        and s1_0.is_active
Hibernate: 
    select
        s1_0.student_id,
        s1_0.created_at,
        s1_0.domain_id,
        s1_0.email,
        s1_0.exam_marks,
        s1_0.first_name,
        s1_0.is_active,
        s1_0.join_year,
        s1_0.last_name,
        s1_0.roll_number 
    from
        students s1_0 
    left join
        domains d1_0 
            on d1_0.domain_id=s1_0.domain_id 
    where
        d1_0.domain_id=? 
        and s1_0.is_active
Hibernate: 
    select
        s1_0.student_id,
        s1_0.created_at,
        s1_0.domain_id,
        s1_0.email,
        s1_0.exam_marks,
        s1_0.first_name,
        s1_0.is_active,
        s1_0.join_year,
        s1_0.last_name,
        s1_0.roll_number 
    from
        students s1_0 
    left join
        domains d1_0 
            on d1_0.domain_id=s1_0.domain_id 
    where
        d1_0.domain_id=? 
        and s1_0.is_active
Hibernate: 
    select
        s1_0.student_id,
        s1_0.created_at,
        s1_0.domain_id,
        s1_0.email,
        s1_0.exam_marks,
        s1_0.first_name,
        s1_0.is_active,
        s1_0.join_year,
        s1_0.last_name,
        s1_0.roll_number 
    from
        students s1_0 
    left join
        domains d1_0 
            on d1_0.domain_id=s1_0.domain_id 
    where
        d1_0.domain_id=? 
        and s1_0.is_active
Hibernate: 
    select
        d1_0.domain_id,
        d1_0.batch,
        d1_0.capacity,
        d1_0.created_at,
        d1_0.cutoff_marks,
        d1_0.exam_name,
        d1_0.program 
    from
        domains d1_0
Hibernate: 
    select
        s1_0.student_id,
        s1_0.created_at,
        s1_0.domain_id,
        s1_0.email,
        s1_0.exam_marks,
        s1_0.first_name,
        s1_0.is_active,
        s1_0.join_year,
        s1_0.last_name,
        s1_0.roll_number 
    from
        students s1_0 
    left join
        domains d1_0 
            on d1_0.domain_id=s1_0.domain_id 
    where
        d1_0.domain_id=? 
        and s1_0.is_active
Hibernate: 
    select
        s1_0.student_id,
        s1_0.created_at,
        s1_0.domain_id,
        s1_0.email,
        s1_0.exam_marks,
        s1_0.first_name,
        s1_0.is_active,
        s1_0.join_year,
        s1_0.last_name,
        s1_0.roll_number 
    from
        students s1_0 
    left join
        domains d1_0 
            on d1_0.domain_id=s1_0.domain_id 
    where
        d1_0.domain_id=? 
        and s1_0.is_active
Hibernate: 
    select
        s1_0.student_id,
        s1_0.created_at,
        s1_0.domain_id,
        s1_0.email,
        s1_0.exam_marks,
        s1_0.first_name,
        s1_0.is_active,
        s1_0.join_year,
        s1_0.last_name,
        s1_0.roll_number 
    from
        students s1_0 
    left join
        domains d1_0 
            on d1_0.domain_id=s1_0.domain_id 
    where
        d1_0.domain_id=? 
        and s1_0.is_active
Hibernate: 
    select
        s1_0.student_id,
        s1_0.created_at,
        s1_0.domain_id,
        s1_0.email,
        s1_0.exam_marks,
        s1_0.first_name,
        s1_0.is_active,
        s1_0.join_year,
        s1_0.last_name,
        s1_0.roll_number 
    from
        students s1_0 
    left join
        domains d1_0 
            on d1_0.domain_id=s1_0.domain_id 
    where
        d1_0.domain_id=? 
        and s1_0.is_active
Hibernate: 
    select
        s1_0.student_id,
        s1_0.created_at,
        s1_0.domain_id,
        s1_0.email,
        s1_0.exam_marks,
        s1_0.first_name,
        s1_0.is_active,
        s1_0.join_year,
        s1_0.last_name,
        s1_0.roll_number 
    from
        students s1_0 
    left join
        domains d1_0 
            on d1_0.domain_id=s1_0.domain_id 
    where
        d1_0.domain_id=? 
        and s1_0.is_active
Hibernate: 
    select
        s1_0.student_id,
        s1_0.created_at,
        s1_0.domain_id,
        s1_0.email,
        s1_0.exam_marks,
        s1_0.first_name,
        s1_0.is_active,
        s1_0.join_year,
        s1_0.last_name,
        s1_0.roll_number 
    from
        students s1_0 
    left join
        domains d1_0 
            on d1_0.domain_id=s1_0.domain_id 
    where
        d1_0.domain_id=? 
        and s1_0.is_active
Hibernate: 
    select
        s1_0.student_id,
        s1_0.created_at,
        s1_0.domain_id,
        s1_0.email,
        s1_0.exam_marks,
        s1_0.first_name,
        s1_0.is_active,
        s1_0.join_year,
        s1_0.last_name,
        s1_0.roll_number 
    from
        students s1_0 
    left join
        domains d1_0 
            on d1_0.domain_id=s1_0.domain_id 
    where
        d1_0.domain_id=? 
        and s1_0.is_active
Hibernate: 
    select
        s1_0.student_id,
        s1_0.created_at,
        s1_0.domain_id,
        s1_0.email,
        s1_0.exam_marks,
        s1_0.first_name,
        s1_0.is_active,
        s1_0.join_year,
        s1_0.last_name,
        s1_0.roll_number 
    from
        students s1_0 
    left join
        domains d1_0 
            on d1_0.domain_id=s1_0.domain_id 
    where
        d1_0.domain_id=? 
        and s1_0.is_active
Hibernate: 
    select
        d1_0.domain_id,
        d1_0.batch,
        d1_0.capacity,
        d1_0.created_at,
        d1_0.cutoff_marks,
        d1_0.exam_name,
        d1_0.program 
    from
        domains d1_0 
    where
        d1_0.domain_id=?
Hibernate: 
    select
        s1_0.student_id,
        s1_0.created_at,
        s1_0.domain_id,
        s1_0.email,
        s1_0.exam_marks,
        s1_0.first_name,
        s1_0.is_active,
        s1_0.join_year,
        s1_0.last_name,
        s1_0.roll_number 
    from
        students s1_0 
    left join
        domains d1_0 
            on d1_0.domain_id=s1_0.domain_id 
    where
        d1_0.domain_id=?
Hibernate: 
    select
        d1_0.domain_id,
        d1_0.batch,
        d1_0.capacity,
        d1_0.created_at,
        d1_0.cutoff_marks,
        d1_0.exam_name,
        d1_0.program 
    from
        domains d1_0 
    where
        d1_0.domain_id=?
Hibernate: 
    update
        domains 
    set
        batch=?,
        capacity=?,
        created_at=?,
        cutoff_marks=?,
        exam_name=?,
        program=? 
    where
        domain_id=?
Hibernate: 
    select
        s1_0.student_id,
        s1_0.created_at,
        s1_0.domain_id,
        s1_0.email,
        s1_0.exam_marks,
        s1_0.first_name,
        s1_0.is_active,
        s1_0.join_year,
        s1_0.last_name,
        s1_0.roll_number 
    from
        students s1_0 
    left join
        domains d1_0 
            on d1_0.domain_id=s1_0.domain_id 
    where
        d1_0.domain_id=?
Hibernate: 
    update
        students 
    set
        created_at=?,
        domain_id=?,
        email=?,
        exam_marks=?,
        first_name=?,
        is_active=?,
        join_year=?,
        last_name=?,
        roll_number=? 
    where
        student_id=?
Hibernate: 
    update
        students 
    set
        created_at=?,
        domain_id=?,
        email=?,
        exam_marks=?,
        first_name=?,
        is_active=?,
        join_year=?,
        last_name=?,
        roll_number=? 
    where
        student_id=?
Hibernate: 
    select
        s1_0.student_id,
        s1_0.created_at,
        s1_0.domain_id,
        s1_0.email,
        s1_0.exam_marks,
        s1_0.first_name,
        s1_0.is_active,
        s1_0.join_year,
        s1_0.last_name,
        s1_0.roll_number 
    from
        students s1_0 
    left join
        domains d1_0 
            on d1_0.domain_id=s1_0.domain_id 
    where
        d1_0.domain_id=? 
        and s1_0.is_active
Hibernate: 
    select
        d1_0.domain_id,
        d1_0.batch,
        d1_0.capacity,
        d1_0.created_at,
        d1_0.cutoff_marks,
        d1_0.exam_name,
        d1_0.program 
    from
        domains d1_0
Hibernate: 
    select
        s1_0.student_id,
        s1_0.created_at,
        s1_0.domain_id,
        s1_0.email,
        s1_0.exam_marks,
        s1_0.first_name,
        s1_0.is_active,
        s1_0.join_year,
        s1_0.last_name,
        s1_0.roll_number 
    from
        students s1_0 
    left join
        domains d1_0 
            on d1_0.domain_id=s1_0.domain_id 
    where
        d1_0.domain_id=? 
        and s1_0.is_active
Hibernate: 
    select
        s1_0.student_id,
        s1_0.created_at,
        s1_0.domain_id,
        s1_0.email,
        s1_0.exam_marks,
        s1_0.first_name,
        s1_0.is_active,
        s1_0.join_year,
        s1_0.last_name,
        s1_0.roll_number 
    from
        students s1_0 
    left join
        domains d1_0 
            on d1_0.domain_id=s1_0.domain_id 
    where
        d1_0.domain_id=? 
        and s1_0.is_active
Hibernate: 
    select
        s1_0.student_id,
        s1_0.created_at,
        s1_0.domain_id,
        s1_0.email,
        s1_0.exam_marks,
        s1_0.first_name,
        s1_0.is_active,
        s1_0.join_year,
        s1_0.last_name,
        s1_0.roll_number 
    from
        students s1_0 
    left join
        domains d1_0 
            on d1_0.domain_id=s1_0.domain_id 
    where
        d1_0.domain_id=? 
        and s1_0.is_active
Hibernate: 
    select
        s1_0.student_id,
        s1_0.created_at,
        s1_0.domain_id,
        s1_0.email,
        s1_0.exam_marks,
        s1_0.first_name,
        s1_0.is_active,
        s1_0.join_year,
        s1_0.last_name,
        s1_0.roll_number 
    from
        students s1_0 
    left join
        domains d1_0 
            on d1_0.domain_id=s1_0.domain_id 
    where
        d1_0.domain_id=? 
        and s1_0.is_active
Hibernate: 
    select
        s1_0.student_id,
        s1_0.created_at,
        s1_0.domain_id,
        s1_0.email,
        s1_0.exam_marks,
        s1_0.first_name,
        s1_0.is_active,
        s1_0.join_year,
        s1_0.last_name,
        s1_0.roll_number 
    from
        students s1_0 
    left join
        domains d1_0 
            on d1_0.domain_id=s1_0.domain_id 
    where
        d1_0.domain_id=? 
        and s1_0.is_active
Hibernate: 
    select
        s1_0.student_id,
        s1_0.created_at,
        s1_0.domain_id,
        s1_0.email,
        s1_0.exam_marks,
        s1_0.first_name,
        s1_0.is_active,
        s1_0.join_year,
        s1_0.last_name,
        s1_0.roll_number 
    from
        students s1_0 
    left join
        domains d1_0 
            on d1_0.domain_id=s1_0.domain_id 
    where
        d1_0.domain_id=? 
        and s1_0.is_active
Hibernate: 
    select
        s1_0.student_id,
        s1_0.created_at,
        s1_0.domain_id,
        s1_0.email,
        s1_0.exam_marks,
        s1_0.first_name,
        s1_0.is_active,
        s1_0.join_year,
        s1_0.last_name,
        s1_0.roll_number 
    from
        students s1_0 
    left join
        domains d1_0 
            on d1_0.domain_id=s1_0.domain_id 
    where
        d1_0.domain_id=? 
        and s1_0.is_active
Hibernate: 
    select
        s1_0.student_id,
        s1_0.created_at,
        s1_0.domain_id,
        s1_0.email,
        s1_0.exam_marks,
        s1_0.first_name,
        s1_0.is_active,
        s1_0.join_year,
        s1_0.last_name,
        s1_0.roll_number 
    from
        students s1_0 
    left join
        domains d1_0 
            on d1_0.domain_id=s1_0.domain_id 
    where
        d1_0.domain_id=? 
        and s1_0.is_active
Hibernate: 
    select
        count(*) 
    from
        domains d1_0 
    where
        d1_0.domain_id=?
Hibernate: 
    select
        s1_0.student_id,
        s1_0.created_at,
        s1_0.domain_id,
        s1_0.email,
        s1_0.exam_marks,
        s1_0.first_name,
        s1_0.is_active,
        s1_0.join_year,
        s1_0.last_name,
        s1_0.roll_number 
    from
        students s1_0 
    left join
        domains d1_0 
            on d1_0.domain_id=s1_0.domain_id 
    where
        d1_0.domain_id=?
Hibernate: 
    select
        d1_0.domain_id,
        d1_0.batch,
        d1_0.capacity,
        d1_0.created_at,
        d1_0.cutoff_marks,
        d1_0.exam_name,
        d1_0.program 
    from
        domains d1_0 
    where
        d1_0.domain_id=?
Hibernate: 
    select
        s1_0.student_id,
        s1_0.created_at,
        s1_0.domain_id,
        s1_0.email,
        s1_0.exam_marks,
        s1_0.first_name,
        s1_0.is_active,
        s1_0.join_year,
        s1_0.last_name,
        s1_0.roll_number 
    from
        students s1_0 
    left join
        domains d1_0 
            on d1_0.domain_id=s1_0.domain_id 
    where
        d1_0.domain_id=?
Hibernate: 
    delete 
    from
        students 
    where
        student_id=?
Hibernate: 
    delete 
    from
        students 
    where
        student_id=?
Hibernate: 
    delete 
    from
        students 
    where
        student_id=?
Hibernate: 
    delete 
    from
        students 
    where
        student_id=?
Hibernate: 
    delete 
    from
        students 
    where
        student_id=?
Hibernate: 
    delete 
    from
        students 
    where
        student_id=?
Hibernate: 
    delete 
    from
        students 
    where
        student_id=?
Hibernate: 
    delete 
    from
        students 
    where
        student_id=?
Hibernate: 
    delete 
    from
        students 
    where
        student_id=?
Hibernate: 
    delete 
    from
        students 
    where
        student_id=?
Hibernate: 
    delete 
    from
        students 
    where
        student_id=?
Hibernate: 
    delete 
    from
        students 
    where
        student_id=?
Hibernate: 
    delete 
    from
        students 
    where
        student_id=?
Hibernate: 
    delete 
    from
        domains 
    where
        domain_id=?
Hibernate: 
    select
        d1_0.domain_id,
        d1_0.batch,
        d1_0.capacity,
        d1_0.created_at,
        d1_0.cutoff_marks,
        d1_0.exam_name,
        d1_0.program 
    from
        domains d1_0
Hibernate: 
    select
        s1_0.student_id,
        s1_0.created_at,
        s1_0.domain_id,
        s1_0.email,
        s1_0.exam_marks,
        s1_0.first_name,
        s1_0.is_active,
        s1_0.join_year,
        s1_0.last_name,
        s1_0.roll_number 
    from
        students s1_0 
    left join
        domains d1_0 
            on d1_0.domain_id=s1_0.domain_id 
    where
        d1_0.domain_id=? 
        and s1_0.is_active
Hibernate: 
    select
        s1_0.student_id,
        s1_0.created_at,
        s1_0.domain_id,
        s1_0.email,
        s1_0.exam_marks,
        s1_0.first_name,
        s1_0.is_active,
        s1_0.join_year,
        s1_0.last_name,
        s1_0.roll_number 
    from
        students s1_0 
    left join
        domains d1_0 
            on d1_0.domain_id=s1_0.domain_id 
    where
        d1_0.domain_id=? 
        and s1_0.is_active
Hibernate: 
    select
        s1_0.student_id,
        s1_0.created_at,
        s1_0.domain_id,
        s1_0.email,
        s1_0.exam_marks,
        s1_0.first_name,
        s1_0.is_active,
        s1_0.join_year,
        s1_0.last_name,
        s1_0.roll_number 
    from
        students s1_0 
    left join
        domains d1_0 
            on d1_0.domain_id=s1_0.domain_id 
    where
        d1_0.domain_id=? 
        and s1_0.is_active
Hibernate: 
    select
        s1_0.student_id,
        s1_0.created_at,
        s1_0.domain_id,
        s1_0.email,
        s1_0.exam_marks,
        s1_0.first_name,
        s1_0.is_active,
        s1_0.join_year,
        s1_0.last_name,
        s1_0.roll_number 
    from
        students s1_0 
    left join
        domains d1_0 
            on d1_0.domain_id=s1_0.domain_id 
    where
        d1_0.domain_id=? 
        and s1_0.is_active
Hibernate: 
    select
        s1_0.student_id,
        s1_0.created_at,
        s1_0.domain_id,
        s1_0.email,
        s1_0.exam_marks,
        s1_0.first_name,
        s1_0.is_active,
        s1_0.join_year,
        s1_0.last_name,
        s1_0.roll_number 
    from
        students s1_0 
    left join
        domains d1_0 
            on d1_0.domain_id=s1_0.domain_id 
    where
        d1_0.domain_id=? 
        and s1_0.is_active
Hibernate: 
    select
        s1_0.student_id,
        s1_0.created_at,
        s1_0.domain_id,
        s1_0.email,
        s1_0.exam_marks,
        s1_0.first_name,
        s1_0.is_active,
        s1_0.join_year,
        s1_0.last_name,
        s1_0.roll_number 
    from
        students s1_0 
    left join
        domains d1_0 
            on d1_0.domain_id=s1_0.domain_id 
    where
        d1_0.domain_id=? 
        and s1_0.is_active
Hibernate: 
    select
        s1_0.student_id,
        s1_0.created_at,
        s1_0.domain_id,
        s1_0.email,
        s1_0.exam_marks,
        s1_0.first_name,
        s1_0.is_active,
        s1_0.join_year,
        s1_0.last_name,
        s1_0.roll_number 
    from
        students s1_0 
    left join
        domains d1_0 
            on d1_0.domain_id=s1_0.domain_id 
    where
        d1_0.domain_id=? 
        and s1_0.is_active
Hibernate: 
    select
        d1_0.domain_id,
        d1_0.batch,
        d1_0.capacity,
        d1_0.created_at,
        d1_0.cutoff_marks,
        d1_0.exam_name,
        d1_0.program 
    from
        domains d1_0
Hibernate: 
    select
        s1_0.student_id,
        s1_0.created_at,
        s1_0.domain_id,
        s1_0.email,
        s1_0.exam_marks,
        s1_0.first_name,
        s1_0.is_active,
        s1_0.join_year,
        s1_0.last_name,
        s1_0.roll_number 
    from
        students s1_0 
    left join
        domains d1_0 
            on d1_0.domain_id=s1_0.domain_id 
    where
        d1_0.domain_id=? 
        and s1_0.is_active
Hibernate: 
    select
        s1_0.student_id,
        s1_0.created_at,
        s1_0.domain_id,
        s1_0.email,
        s1_0.exam_marks,
        s1_0.first_name,
        s1_0.is_active,
        s1_0.join_year,
        s1_0.last_name,
        s1_0.roll_number 
    from
        students s1_0 
    left join
        domains d1_0 
            on d1_0.domain_id=s1_0.domain_id 
    where
        d1_0.domain_id=? 
        and s1_0.is_active
Hibernate: 
    select
        s1_0.student_id,
        s1_0.created_at,
        s1_0.domain_id,
        s1_0.email,
        s1_0.exam_marks,
        s1_0.first_name,
        s1_0.is_active,
        s1_0.join_year,
        s1_0.last_name,
        s1_0.roll_number 
    from
        students s1_0 
    left join
        domains d1_0 
            on d1_0.domain_id=s1_0.domain_id 
    where
        d1_0.domain_id=? 
        and s1_0.is_active
Hibernate: 
    select
        s1_0.student_id,
        s1_0.created_at,
        s1_0.domain_id,
        s1_0.email,
        s1_0.exam_marks,
        s1_0.first_name,
        s1_0.is_active,
        s1_0.join_year,
        s1_0.last_name,
        s1_0.roll_number 
    from
        students s1_0 
    left join
        domains d1_0 
            on d1_0.domain_id=s1_0.domain_id 
    where
        d1_0.domain_id=? 
        and s1_0.is_active
Hibernate: 
    select
        s1_0.student_id,
        s1_0.created_at,
        s1_0.domain_id,
        s1_0.email,
        s1_0.exam_marks,
        s1_0.first_name,
        s1_0.is_active,
        s1_0.join_year,
        s1_0.last_name,
        s1_0.roll_number 
    from
        students s1_0 
    left join
        domains d1_0 
            on d1_0.domain_id=s1_0.domain_id 
    where
        d1_0.domain_id=? 
        and s1_0.is_active
Hibernate: 
    select
        s1_0.student_id,
        s1_0.created_at,
        s1_0.domain_id,
        s1_0.email,
        s1_0.exam_marks,
        s1_0.first_name,
        s1_0.is_active,
        s1_0.join_year,
        s1_0.last_name,
        s1_0.roll_number 
    from
        students s1_0 
    left join
        domains d1_0 
            on d1_0.domain_id=s1_0.domain_id 
    where
        d1_0.domain_id=? 
        and s1_0.is_active
Hibernate: 
    select
        s1_0.student_id,
        s1_0.created_at,
        s1_0.domain_id,
        s1_0.email,
        s1_0.exam_marks,
        s1_0.first_name,
        s1_0.is_active,
        s1_0.join_year,
        s1_0.last_name,
        s1_0.roll_number 
    from
        students s1_0 
    left join
        domains d1_0 
            on d1_0.domain_id=s1_0.domain_id 
    where
        d1_0.domain_id=? 
        and s1_0.is_active
Hibernate: 
    select
        d1_0.domain_id,
        d1_0.batch,
        d1_0.capacity,
        d1_0.created_at,
        d1_0.cutoff_marks,
        d1_0.exam_name,
        d1_0.program 
    from
        domains d1_0
Hibernate: 
    select
        s1_0.student_id,
        s1_0.created_at,
        s1_0.domain_id,
        s1_0.email,
        s1_0.exam_marks,
        s1_0.first_name,
        s1_0.is_active,
        s1_0.join_year,
        s1_0.last_name,
        s1_0.roll_number 
    from
        students s1_0 
    left join
        domains d1_0 
            on d1_0.domain_id=s1_0.domain_id 
    where
        d1_0.domain_id=? 
        and s1_0.is_active
Hibernate: 
    select
        s1_0.student_id,
        s1_0.created_at,
        s1_0.domain_id,
        s1_0.email,
        s1_0.exam_marks,
        s1_0.first_name,
        s1_0.is_active,
        s1_0.join_year,
        s1_0.last_name,
        s1_0.roll_number 
    from
        students s1_0 
    left join
        domains d1_0 
            on d1_0.domain_id=s1_0.domain_id 
    where
        d1_0.domain_id=? 
        and s1_0.is_active
Hibernate: 
    select
        s1_0.student_id,
        s1_0.created_at,
        s1_0.domain_id,
        s1_0.email,
        s1_0.exam_marks,
        s1_0.first_name,
        s1_0.is_active,
        s1_0.join_year,
        s1_0.last_name,
        s1_0.roll_number 
    from
        students s1_0 
    left join
        domains d1_0 
            on d1_0.domain_id=s1_0.domain_id 
    where
        d1_0.domain_id=? 
        and s1_0.is_active
Hibernate: 
    select
        s1_0.student_id,
        s1_0.created_at,
        s1_0.domain_id,
        s1_0.email,
        s1_0.exam_marks,
        s1_0.first_name,
        s1_0.is_active,
        s1_0.join_year,
        s1_0.last_name,
        s1_0.roll_number 
    from
        students s1_0 
    left join
        domains d1_0 
            on d1_0.domain_id=s1_0.domain_id 
    where
        d1_0.domain_id=? 
        and s1_0.is_active
Hibernate: 
    select
        s1_0.student_id,
        s1_0.created_at,
        s1_0.domain_id,
        s1_0.email,
        s1_0.exam_marks,
        s1_0.first_name,
        s1_0.is_active,
        s1_0.join_year,
        s1_0.last_name,
        s1_0.roll_number 
    from
        students s1_0 
    left join
        domains d1_0 
            on d1_0.domain_id=s1_0.domain_id 
    where
        d1_0.domain_id=? 
        and s1_0.is_active
Hibernate: 
    select
        s1_0.student_id,
        s1_0.created_at,
        s1_0.domain_id,
        s1_0.email,
        s1_0.exam_marks,
        s1_0.first_name,
        s1_0.is_active,
        s1_0.join_year,
        s1_0.last_name,
        s1_0.roll_number 
    from
        students s1_0 
    left join
        domains d1_0 
            on d1_0.domain_id=s1_0.domain_id 
    where
        d1_0.domain_id=? 
        and s1_0.is_active
Hibernate: 
    select
        s1_0.student_id,
        s1_0.created_at,
        s1_0.domain_id,
        s1_0.email,
        s1_0.exam_marks,
        s1_0.first_name,
        s1_0.is_active,
        s1_0.join_year,
        s1_0.last_name,
        s1_0.roll_number 
    from
        students s1_0 
    left join
        domains d1_0 
            on d1_0.domain_id=s1_0.domain_id 
    where
        d1_0.domain_id=? 
        and s1_0.is_active
Hibernate: 
    insert 
    into
        domains
        (batch, capacity, created_at, cutoff_marks, exam_name, program) 
    values
        (?, ?, ?, ?, ?, ?)
Hibernate: 
    select
        s1_0.student_id,
        s1_0.created_at,
        s1_0.domain_id,
        s1_0.email,
        s1_0.exam_marks,
        s1_0.first_name,
        s1_0.is_active,
        s1_0.join_year,
        s1_0.last_name,
        s1_0.roll_number 
    from
        students s1_0 
    left join
        domains d1_0 
            on d1_0.domain_id=s1_0.domain_id 
    where
        d1_0.domain_id=? 
        and s1_0.is_active
Hibernate: 
    select
        d1_0.domain_id,
        d1_0.batch,
        d1_0.capacity,
        d1_0.created_at,
        d1_0.cutoff_marks,
        d1_0.exam_name,
        d1_0.program 
    from
        domains d1_0
Hibernate: 
    select
        s1_0.student_id,
        s1_0.created_at,
        s1_0.domain_id,
        s1_0.email,
        s1_0.exam_marks,
        s1_0.first_name,
        s1_0.is_active,
        s1_0.join_year,
        s1_0.last_name,
        s1_0.roll_number 
    from
        students s1_0 
    left join
        domains d1_0 
            on d1_0.domain_id=s1_0.domain_id 
    where
        d1_0.domain_id=? 
        and s1_0.is_active
Hibernate: 
    select
        s1_0.student_id,
        s1_0.created_at,
        s1_0.domain_id,
        s1_0.email,
        s1_0.exam_marks,
        s1_0.first_name,
        s1_0.is_active,
        s1_0.join_year,
        s1_0.last_name,
        s1_0.roll_number 
    from
        students s1_0 
    left join
        domains d1_0 
            on d1_0.domain_id=s1_0.domain_id 
    where
        d1_0.domain_id=? 
        and s1_0.is_active
Hibernate: 
    select
        s1_0.student_id,
        s1_0.created_at,
        s1_0.domain_id,
        s1_0.email,
        s1_0.exam_marks,
        s1_0.first_name,
        s1_0.is_active,
        s1_0.join_year,
        s1_0.last_name,
        s1_0.roll_number 
    from
        students s1_0 
    left join
        domains d1_0 
            on d1_0.domain_id=s1_0.domain_id 
    where
        d1_0.domain_id=? 
        and s1_0.is_active
Hibernate: 
    select
        s1_0.student_id,
        s1_0.created_at,
        s1_0.domain_id,
        s1_0.email,
        s1_0.exam_marks,
        s1_0.first_name,
        s1_0.is_active,
        s1_0.join_year,
        s1_0.last_name,
        s1_0.roll_number 
    from
        students s1_0 
    left join
        domains d1_0 
            on d1_0.domain_id=s1_0.domain_id 
    where
        d1_0.domain_id=? 
        and s1_0.is_active
Hibernate: 
    select
        s1_0.student_id,
        s1_0.created_at,
        s1_0.domain_id,
        s1_0.email,
        s1_0.exam_marks,
        s1_0.first_name,
        s1_0.is_active,
        s1_0.join_year,
        s1_0.last_name,
        s1_0.roll_number 
    from
        students s1_0 
    left join
        domains d1_0 
            on d1_0.domain_id=s1_0.domain_id 
    where
        d1_0.domain_id=? 
        and s1_0.is_active
Hibernate: 
    select
        s1_0.student_id,
        s1_0.created_at,
        s1_0.domain_id,
        s1_0.email,
        s1_0.exam_marks,
        s1_0.first_name,
        s1_0.is_active,
        s1_0.join_year,
        s1_0.last_name,
        s1_0.roll_number 
    from
        students s1_0 
    left join
        domains d1_0 
            on d1_0.domain_id=s1_0.domain_id 
    where
        d1_0.domain_id=? 
        and s1_0.is_active
Hibernate: 
    select
        s1_0.student_id,
        s1_0.created_at,
        s1_0.domain_id,
        s1_0.email,
        s1_0.exam_marks,
        s1_0.first_name,
        s1_0.is_active,
        s1_0.join_year,
        s1_0.last_name,
        s1_0.roll_number 
    from
        students s1_0 
    left join
        domains d1_0 
            on d1_0.domain_id=s1_0.domain_id 
    where
        d1_0.domain_id=? 
        and s1_0.is_active
Hibernate: 
    select
        s1_0.student_id,
        s1_0.created_at,
        s1_0.domain_id,
        s1_0.email,
        s1_0.exam_marks,
        s1_0.first_name,
        s1_0.is_active,
        s1_0.join_year,
        s1_0.last_name,
        s1_0.roll_number 
    from
        students s1_0 
    left join
        domains d1_0 
            on d1_0.domain_id=s1_0.domain_id 
    where
        d1_0.domain_id=? 
        and s1_0.is_active
Hibernate: 
    select
        d1_0.domain_id,
        d1_0.batch,
        d1_0.capacity,
        d1_0.created_at,
        d1_0.cutoff_marks,
        d1_0.exam_name,
        d1_0.program 
    from
        domains d1_0 
    where
        d1_0.domain_id=?
Hibernate: 
    select
        s1_0.student_id,
        s1_0.created_at,
        s1_0.domain_id,
        s1_0.email,
        s1_0.exam_marks,
        s1_0.first_name,
        s1_0.is_active,
        s1_0.join_year,
        s1_0.last_name,
        s1_0.roll_number 
    from
        students s1_0 
    left join
        domains d1_0 
            on d1_0.domain_id=s1_0.domain_id 
    where
        d1_0.domain_id=?
Hibernate: 
    select
        d1_0.domain_id,
        d1_0.batch,
        d1_0.capacity,
        d1_0.created_at,
        d1_0.cutoff_marks,
        d1_0.exam_name,
        d1_0.program 
    from
        domains d1_0 
    where
        d1_0.domain_id=?
Hibernate: 
    update
        domains 
    set
        batch=?,
        capacity=?,
        created_at=?,
        cutoff_marks=?,
        exam_name=?,
        program=? 
    where
        domain_id=?
Hibernate: 
    select
        s1_0.student_id,
        s1_0.created_at,
        s1_0.domain_id,
        s1_0.email,
        s1_0.exam_marks,
        s1_0.first_name,
        s1_0.is_active,
        s1_0.join_year,
        s1_0.last_name,
        s1_0.roll_number 
    from
        students s1_0 
    left join
        domains d1_0 
            on d1_0.domain_id=s1_0.domain_id 
    where
        d1_0.domain_id=?
Hibernate: 
    update
        students 
    set
        created_at=?,
        domain_id=?,
        email=?,
        exam_marks=?,
        first_name=?,
        is_active=?,
        join_year=?,
        last_name=?,
        roll_number=? 
    where
        student_id=?
Hibernate: 
    update
        students 
    set
        created_at=?,
        domain_id=?,
        email=?,
        exam_marks=?,
        first_name=?,
        is_active=?,
        join_year=?,
        last_name=?,
        roll_number=? 
    where
        student_id=?
Hibernate: 
    update
        students 
    set
        created_at=?,
        domain_id=?,
        email=?,
        exam_marks=?,
        first_name=?,
        is_active=?,
        join_year=?,
        last_name=?,
        roll_number=? 
    where
        student_id=?
Hibernate: 
    update
        students 
    set
        created_at=?,
        domain_id=?,
        email=?,
        exam_marks=?,
        first_name=?,
        is_active=?,
        join_year=?,
        last_name=?,
        roll_number=? 
    where
        student_id=?
Hibernate: 
    select
        s1_0.student_id,
        s1_0.created_at,
        s1_0.domain_id,
        s1_0.email,
        s1_0.exam_marks,
        s1_0.first_name,
        s1_0.is_active,
        s1_0.join_year,
        s1_0.last_name,
        s1_0.roll_number 
    from
        students s1_0 
    left join
        domains d1_0 
            on d1_0.domain_id=s1_0.domain_id 
    where
        d1_0.domain_id=? 
        and s1_0.is_active
Hibernate: 
    select
        d1_0.domain_id,
        d1_0.batch,
        d1_0.capacity,
        d1_0.created_at,
        d1_0.cutoff_marks,
        d1_0.exam_name,
        d1_0.program 
    from
        domains d1_0
Hibernate: 
    select
        s1_0.student_id,
        s1_0.created_at,
        s1_0.domain_id,
        s1_0.email,
        s1_0.exam_marks,
        s1_0.first_name,
        s1_0.is_active,
        s1_0.join_year,
        s1_0.last_name,
        s1_0.roll_number 
    from
        students s1_0 
    left join
        domains d1_0 
            on d1_0.domain_id=s1_0.domain_id 
    where
        d1_0.domain_id=? 
        and s1_0.is_active
Hibernate: 
    select
        s1_0.student_id,
        s1_0.created_at,
        s1_0.domain_id,
        s1_0.email,
        s1_0.exam_marks,
        s1_0.first_name,
        s1_0.is_active,
        s1_0.join_year,
        s1_0.last_name,
        s1_0.roll_number 
    from
        students s1_0 
    left join
        domains d1_0 
            on d1_0.domain_id=s1_0.domain_id 
    where
        d1_0.domain_id=? 
        and s1_0.is_active
Hibernate: 
    select
        s1_0.student_id,
        s1_0.created_at,
        s1_0.domain_id,
        s1_0.email,
        s1_0.exam_marks,
        s1_0.first_name,
        s1_0.is_active,
        s1_0.join_year,
        s1_0.last_name,
        s1_0.roll_number 
    from
        students s1_0 
    left join
        domains d1_0 
            on d1_0.domain_id=s1_0.domain_id 
    where
        d1_0.domain_id=? 
        and s1_0.is_active
Hibernate: 
    select
        s1_0.student_id,
        s1_0.created_at,
        s1_0.domain_id,
        s1_0.email,
        s1_0.exam_marks,
        s1_0.first_name,
        s1_0.is_active,
        s1_0.join_year,
        s1_0.last_name,
        s1_0.roll_number 
    from
        students s1_0 
    left join
        domains d1_0 
            on d1_0.domain_id=s1_0.domain_id 
    where
        d1_0.domain_id=? 
        and s1_0.is_active
Hibernate: 
    select
        s1_0.student_id,
        s1_0.created_at,
        s1_0.domain_id,
        s1_0.email,
        s1_0.exam_marks,
        s1_0.first_name,
        s1_0.is_active,
        s1_0.join_year,
        s1_0.last_name,
        s1_0.roll_number 
    from
        students s1_0 
    left join
        domains d1_0 
            on d1_0.domain_id=s1_0.domain_id 
    where
        d1_0.domain_id=? 
        and s1_0.is_active
Hibernate: 
    select
        s1_0.student_id,
        s1_0.created_at,
        s1_0.domain_id,
        s1_0.email,
        s1_0.exam_marks,
        s1_0.first_name,
        s1_0.is_active,
        s1_0.join_year,
        s1_0.last_name,
        s1_0.roll_number 
    from
        students s1_0 
    left join
        domains d1_0 
            on d1_0.domain_id=s1_0.domain_id 
    where
        d1_0.domain_id=? 
        and s1_0.is_active
Hibernate: 
    select
        s1_0.student_id,
        s1_0.created_at,
        s1_0.domain_id,
        s1_0.email,
        s1_0.exam_marks,
        s1_0.first_name,
        s1_0.is_active,
        s1_0.join_year,
        s1_0.last_name,
        s1_0.roll_number 
    from
        students s1_0 
    left join
        domains d1_0 
            on d1_0.domain_id=s1_0.domain_id 
    where
        d1_0.domain_id=? 
        and s1_0.is_active
Hibernate: 
    select
        s1_0.student_id,
        s1_0.created_at,
        s1_0.domain_id,
        s1_0.email,
        s1_0.exam_marks,
        s1_0.first_name,
        s1_0.is_active,
        s1_0.join_year,
        s1_0.last_name,
        s1_0.roll_number 
    from
        students s1_0 
    left join
        domains d1_0 
            on d1_0.domain_id=s1_0.domain_id 
    where
        d1_0.domain_id=? 
        and s1_0.is_active
